<application>
  <component name="ProjectJdkTable">
    <jdk version="2">
      <name value="ruby-2.6.3-p62" />
      <type value="RUBY_SDK" />
      <version value="ver.2.6.3p62 ( revision 67580) p62" />
      <homePath value="/usr/share/rvm/rubies/ruby-2.6.3/bin/ruby" />
      <roots>
        <classPath>
          <root type="composite">
            <root url="file://$APPLICATION_HOME_DIR$/rubystubs26" type="simple" />
            <root url="file:///usr/share/rvm/rubies/ruby-2.6.3/lib/ruby/site_ruby/2.6.0" type="simple" />
            <root url="file:///usr/share/rvm/rubies/ruby-2.6.3/lib/ruby/site_ruby/2.6.0/x86_64-linux" type="simple" />
            <root url="file:///usr/share/rvm/rubies/ruby-2.6.3/lib/ruby/site_ruby" type="simple" />
            <root url="file:///usr/share/rvm/rubies/ruby-2.6.3/lib/ruby/vendor_ruby/2.6.0" type="simple" />
            <root url="file:///usr/share/rvm/rubies/ruby-2.6.3/lib/ruby/vendor_ruby/2.6.0/x86_64-linux" type="simple" />
            <root url="file:///usr/share/rvm/rubies/ruby-2.6.3/lib/ruby/vendor_ruby" type="simple" />
            <root url="file:///usr/share/rvm/rubies/ruby-2.6.3/lib/ruby/2.6.0" type="simple" />
            <root url="file:///usr/share/rvm/rubies/ruby-2.6.3/lib/ruby/2.6.0/x86_64-linux" type="simple" />
          </root>
        </classPath>
        <sourcePath>
          <root type="composite">
            <root url="file:///usr/share/rvm/rubies/ruby-2.6.3/lib/ruby/site_ruby/2.6.0" type="simple" />
            <root url="file:///usr/share/rvm/rubies/ruby-2.6.3/lib/ruby/site_ruby/2.6.0/x86_64-linux" type="simple" />
            <root url="file:///usr/share/rvm/rubies/ruby-2.6.3/lib/ruby/site_ruby" type="simple" />
            <root url="file:///usr/share/rvm/rubies/ruby-2.6.3/lib/ruby/vendor_ruby/2.6.0" type="simple" />
            <root url="file:///usr/share/rvm/rubies/ruby-2.6.3/lib/ruby/vendor_ruby/2.6.0/x86_64-linux" type="simple" />
            <root url="file:///usr/share/rvm/rubies/ruby-2.6.3/lib/ruby/vendor_ruby" type="simple" />
            <root url="file:///usr/share/rvm/rubies/ruby-2.6.3/lib/ruby/2.6.0" type="simple" />
            <root url="file:///usr/share/rvm/rubies/ruby-2.6.3/lib/ruby/2.6.0/x86_64-linux" type="simple" />
            <root url="file://$APPLICATION_HOME_DIR$/rubystubs26" type="simple" />
          </root>
        </sourcePath>
      </roots>
      <additional NORMALIZED_VERSION_STRING="ver.2.6.3p62 ( revision 67580) p62" version="1" GEMS_BIN_DIR_PATH="$USER_HOME$/.rvm/gems/ruby-2.6.3/bin">
        <VERSION_MANAGER ID="system" />
        <RbConfig>
          <item key="AR" value="ar" />
          <item key="ARFLAGS" value="rcD " />
          <item key="AS" value="as" />
          <item key="ASMEXT" value="S" />
          <item key="BUILTIN_TRANSSRCS" value=" enc/trans/newline.c" />
          <item key="CC" value="gcc" />
          <item key="CCDLFLAGS" value="-fPIC" />
          <item key="CC_VERSION" value="gcc --version" />
          <item key="CC_VERSION_MESSAGE" value="gcc (Ubuntu 8.3.0-6ubuntu1~18.10) 8.3.0&#10;Copyright (C) 2018 Free Software Foundation, Inc.&#10;This is free software; see the source for copying conditions.  There is NO&#10;warranty; not even for MERCHANTABILITY or FITNESS FOR A PARTICULAR PURPOSE." />
          <item key="CFLAGS" value="-O3 -ggdb3 -Wall -Wextra -Wdeclaration-after-statement -Wdeprecated-declarations -Wduplicated-cond -Wimplicit-function-declaration -Wimplicit-int -Wmisleading-indentation -Wpointer-arith -Wrestrict -Wwrite-strings -Wimplicit-fallthrough=0 -Wmissing-noreturn -Wno-cast-function-type -Wno-constant-logical-operand -Wno-long-long -Wno-missing-field-initializers -Wno-overlength-strings -Wno-packed-bitfield-compat -Wno-parentheses-equality -Wno-self-assign -Wno-tautological-compare -Wno-unused-parameter -Wno-unused-value -Wsuggest-attribute=format -Wsuggest-attribute=noreturn -Wunused-variable  -fPIC" />
          <item key="CHDIR" value="cd -P" />
          <item key="CONFIGURE" value="configure" />
          <item key="COUTFLAG" value="-o " />
          <item key="CP" value="cp" />
          <item key="CPP" value="gcc -E" />
          <item key="CPPFLAGS" value="  " />
          <item key="CPPOUTFILE" value="-o conftest.i" />
          <item key="CROSS_COMPILING" value="no" />
          <item key="CXX" value="g++" />
          <item key="CXXFLAGS" value="-O3 -ggdb3 -Wall -Wextra -Wdeclaration-after-statement -Wdeprecated-declarations -Wduplicated-cond -Wimplicit-function-declaration -Wimplicit-int -Wmisleading-indentation -Wpointer-arith -Wrestrict -Wwrite-strings -Wimplicit-fallthrough=0 -Wmissing-noreturn -Wno-cast-function-type -Wno-constant-logical-operand -Wno-long-long -Wno-missing-field-initializers -Wno-overlength-strings -Wno-packed-bitfield-compat -Wno-parentheses-equality -Wno-self-assign -Wno-tautological-compare -Wno-unused-parameter -Wno-unused-value -Wsuggest-attribute=format -Wsuggest-attribute=noreturn -Wunused-variable" />
          <item key="DLDFLAGS" value="-Wl,--compress-debug-sections=zlib" />
          <item key="DLDLIBS" value=" -lc" />
          <item key="DLDSHARED" value="gcc -shared" />
          <item key="DLEXT" value="so" />
          <item key="DLNOBJ" value="dln.o" />
          <item key="ECHO_N" value="-n" />
          <item key="EGREP" value="/bin/grep -E" />
          <item key="ENABLE_SHARED" value="yes" />
          <item key="EXTOUT" value=".ext" />
          <item key="GCC" value="yes" />
          <item key="GIT" value="git" />
          <item key="GNU_LD" value="yes" />
          <item key="GREP" value="/bin/grep" />
          <item key="HAVE_GIT" value="yes" />
          <item key="INSTALL" value="/usr/bin/install -c" />
          <item key="INSTALL_DATA" value="/usr/bin/install -c -m 644" />
          <item key="INSTALL_PROGRAM" value="/usr/bin/install -c" />
          <item key="INSTALL_SCRIPT" value="/usr/bin/install -c" />
          <item key="INSTALL_STATIC_LIBRARY" value="no" />
          <item key="LD" value="ld" />
          <item key="LDFLAGS" value="-L. -fstack-protector-strong -rdynamic -Wl,-export-dynamic" />
          <item key="LDSHARED" value="gcc -shared" />
          <item key="LDSHAREDXX" value="g++ -shared" />
          <item key="LIBEXT" value="a" />
          <item key="LIBPATHENV" value="LD_LIBRARY_PATH" />
          <item key="LIBPATHFLAG" value=" -L%1$-s" />
          <item key="LIBRUBY" value="libruby.so.2.6.3" />
          <item key="LIBRUBYARG" value="-Wl,-rpath,/usr/share/rvm/rubies/ruby-2.6.3/lib -L/usr/share/rvm/rubies/ruby-2.6.3/lib -lruby" />
          <item key="LIBRUBYARG_SHARED" value="-Wl,-rpath,/usr/share/rvm/rubies/ruby-2.6.3/lib -L/usr/share/rvm/rubies/ruby-2.6.3/lib -lruby" />
          <item key="LIBRUBYARG_STATIC" value="-Wl,-rpath,/usr/share/rvm/rubies/ruby-2.6.3/lib -L/usr/share/rvm/rubies/ruby-2.6.3/lib -lruby-static -lz -lpthread -lrt -lrt -lgmp -ldl -lcrypt -lm " />
          <item key="LIBRUBY_A" value="libruby-static.a" />
          <item key="LIBRUBY_ALIASES" value="libruby.so.2.6 libruby.so" />
          <item key="LIBRUBY_RELATIVE" value="no" />
          <item key="LIBRUBY_SO" value="libruby.so.2.6.3" />
          <item key="LIBRUBY_SONAME" value="libruby.so.2.6" />
          <item key="LIBS" value="-lm " />
          <item key="LN_S" value="ln -s" />
          <item key="MAINLIBS" value="-lz -lpthread -lrt -lrt -lgmp -ldl -lcrypt -lm " />
          <item key="MAJOR" value="2" />
          <item key="MAKEDIRS" value="/bin/mkdir -p" />
          <item key="MAKEFILES" value="Makefile GNUmakefile" />
          <item key="MANTYPE" value="doc" />
          <item key="MATHN" value="yes" />
          <item key="MINOR" value="6" />
          <item key="MJIT_SUPPORT" value="yes" />
          <item key="MKDIR_P" value="/bin/mkdir -p" />
          <item key="NM" value="nm" />
          <item key="NULLCMD" value=":" />
          <item key="OBJCOPY" value=":" />
          <item key="OBJDUMP" value="objdump" />
          <item key="OBJEXT" value="o" />
          <item key="OUTFLAG" value="-o " />
          <item key="PACKAGE" value="ruby" />
          <item key="PATCHLEVEL" value="62" />
          <item key="PATH_SEPARATOR" value=":" />
          <item key="PKG_CONFIG" value="pkg-config" />
          <item key="POSTLINK" value=":" />
          <item key="PRELOADENV" value="LD_PRELOAD" />
          <item key="PREP" value="miniruby" />
          <item key="RANLIB" value="ranlib" />
          <item key="RI_BASE_NAME" value="ri" />
          <item key="RM" value="rm -f" />
          <item key="RMALL" value="rm -fr" />
          <item key="RMDIR" value="rmdir --ignore-fail-on-non-empty" />
          <item key="RMDIRS" value="rmdir --ignore-fail-on-non-empty -p" />
          <item key="RPATHFLAG" value=" -Wl,-rpath,%1$-s" />
          <item key="RUBYW_BASE_NAME" value="rubyw" />
          <item key="RUBY_API_VERSION" value="2.6" />
          <item key="RUBY_BASE_NAME" value="ruby" />
          <item key="RUBY_EXEC_PREFIX" value="/usr/share/rvm/rubies/ruby-2.6.3" />
          <item key="RUBY_INSTALL_NAME" value="ruby" />
          <item key="RUBY_LIB_VERSION_STYLE" value="3&#9;/* full */" />
          <item key="RUBY_PROGRAM_VERSION" value="2.6.3" />
          <item key="RUBY_SO_NAME" value="ruby" />
          <item key="RUBY_VERSION_NAME" value="ruby-2.6.0" />
          <item key="SHELL" value="/bin/bash" />
          <item key="SOEXT" value="so" />
          <item key="SOLIBS" value="-lz -lpthread -lrt -lrt -lgmp -ldl -lcrypt -lm " />
          <item key="STRIP" value="strip -S -x" />
          <item key="TEENY" value="3" />
          <item key="TEST_RUNNABLE" value="yes" />
          <item key="THREAD_MODEL" value="pthread" />
          <item key="UNICODE_EMOJI_VERSION" value="12.0" />
          <item key="UNICODE_VERSION" value="12.1.0" />
          <item key="WERRORFLAG" value="-Werror" />
          <item key="arch" value="x86_64-linux" />
          <item key="archdir" value="/usr/share/rvm/rubies/ruby-2.6.3/lib/ruby/2.6.0/x86_64-linux" />
          <item key="archincludedir" value="/usr/share/rvm/rubies/ruby-2.6.3/include/x86_64-linux" />
          <item key="archlibdir" value="/usr/share/rvm/rubies/ruby-2.6.3/lib/x86_64-linux" />
          <item key="bindir" value="/usr/share/rvm/rubies/ruby-2.6.3/bin" />
          <item key="build" value="x86_64-pc-linux-gnu" />
          <item key="build_cpu" value="x86_64" />
          <item key="build_os" value="linux-gnu" />
          <item key="build_vendor" value="pc" />
          <item key="cflags" value="-O3 -ggdb3 -Wall -Wextra -Wdeclaration-after-statement -Wdeprecated-declarations -Wduplicated-cond -Wimplicit-function-declaration -Wimplicit-int -Wmisleading-indentation -Wpointer-arith -Wrestrict -Wwrite-strings -Wimplicit-fallthrough=0 -Wmissing-noreturn -Wno-cast-function-type -Wno-constant-logical-operand -Wno-long-long -Wno-missing-field-initializers -Wno-overlength-strings -Wno-packed-bitfield-compat -Wno-parentheses-equality -Wno-self-assign -Wno-tautological-compare -Wno-unused-parameter -Wno-unused-value -Wsuggest-attribute=format -Wsuggest-attribute=noreturn -Wunused-variable" />
          <item key="configure_args" value=" '--prefix=/usr/share/rvm/rubies/ruby-2.6.3' '--disable-install-doc' '--enable-shared'" />
          <item key="cxxflags" value="-O3 -ggdb3 -Wall -Wextra -Wdeclaration-after-statement -Wdeprecated-declarations -Wduplicated-cond -Wimplicit-function-declaration -Wimplicit-int -Wmisleading-indentation -Wpointer-arith -Wrestrict -Wwrite-strings -Wimplicit-fallthrough=0 -Wmissing-noreturn -Wno-cast-function-type -Wno-constant-logical-operand -Wno-long-long -Wno-missing-field-initializers -Wno-overlength-strings -Wno-packed-bitfield-compat -Wno-parentheses-equality -Wno-self-assign -Wno-tautological-compare -Wno-unused-parameter -Wno-unused-value -Wsuggest-attribute=format -Wsuggest-attribute=noreturn -Wunused-variable" />
          <item key="datadir" value="/usr/share/rvm/rubies/ruby-2.6.3/share" />
          <item key="datarootdir" value="/usr/share/rvm/rubies/ruby-2.6.3/share" />
          <item key="debugflags" value="-ggdb3" />
          <item key="docdir" value="/usr/share/rvm/rubies/ruby-2.6.3/share/doc/ruby" />
          <item key="dvidir" value="/usr/share/rvm/rubies/ruby-2.6.3/share/doc/ruby" />
          <item key="exec" value="exec" />
          <item key="exec_prefix" value="/usr/share/rvm/rubies/ruby-2.6.3" />
          <item key="host" value="x86_64-pc-linux-gnu" />
          <item key="host_cpu" value="x86_64" />
          <item key="host_os" value="linux-gnu" />
          <item key="host_vendor" value="pc" />
          <item key="htmldir" value="/usr/share/rvm/rubies/ruby-2.6.3/share/doc/ruby" />
          <item key="includedir" value="/usr/share/rvm/rubies/ruby-2.6.3/include" />
          <item key="infodir" value="/usr/share/rvm/rubies/ruby-2.6.3/share/info" />
          <item key="libdir" value="/usr/share/rvm/rubies/ruby-2.6.3/lib" />
          <item key="libdirname" value="libdir" />
          <item key="libexecdir" value="/usr/share/rvm/rubies/ruby-2.6.3/libexec" />
          <item key="localedir" value="/usr/share/rvm/rubies/ruby-2.6.3/share/locale" />
          <item key="localstatedir" value="/usr/share/rvm/rubies/ruby-2.6.3/var" />
          <item key="mandir" value="/usr/share/rvm/rubies/ruby-2.6.3/share/man" />
          <item key="oldincludedir" value="/usr/include" />
          <item key="optflags" value="-O3" />
          <item key="pdfdir" value="/usr/share/rvm/rubies/ruby-2.6.3/share/doc/ruby" />
          <item key="prefix" value="/usr/share/rvm/rubies/ruby-2.6.3" />
          <item key="psdir" value="/usr/share/rvm/rubies/ruby-2.6.3/share/doc/ruby" />
          <item key="ridir" value="/usr/share/rvm/rubies/ruby-2.6.3/share/ri" />
          <item key="ruby_install_name" value="ruby" />
          <item key="ruby_pc" value="ruby-2.6.pc" />
          <item key="ruby_version" value="2.6.0" />
          <item key="rubyarchdir" value="/usr/share/rvm/rubies/ruby-2.6.3/lib/ruby/2.6.0/x86_64-linux" />
          <item key="rubyarchhdrdir" value="/usr/share/rvm/rubies/ruby-2.6.3/include/ruby-2.6.0/x86_64-linux" />
          <item key="rubyarchprefix" value="/usr/share/rvm/rubies/ruby-2.6.3/lib/ruby/x86_64-linux" />
          <item key="rubyhdrdir" value="/usr/share/rvm/rubies/ruby-2.6.3/include/ruby-2.6.0" />
          <item key="rubylibdir" value="/usr/share/rvm/rubies/ruby-2.6.3/lib/ruby/2.6.0" />
          <item key="rubylibprefix" value="/usr/share/rvm/rubies/ruby-2.6.3/lib/ruby" />
          <item key="rubysitearchprefix" value="/usr/share/rvm/rubies/ruby-2.6.3/lib/ruby/x86_64-linux" />
          <item key="sbindir" value="/usr/share/rvm/rubies/ruby-2.6.3/sbin" />
          <item key="setup" value="Setup" />
          <item key="sharedstatedir" value="/usr/share/rvm/rubies/ruby-2.6.3/com" />
          <item key="sitearch" value="x86_64-linux" />
          <item key="sitearchdir" value="/usr/share/rvm/rubies/ruby-2.6.3/lib/ruby/site_ruby/2.6.0/x86_64-linux" />
          <item key="sitearchhdrdir" value="/usr/share/rvm/rubies/ruby-2.6.3/include/ruby-2.6.0/site_ruby/x86_64-linux" />
          <item key="sitearchincludedir" value="/usr/share/rvm/rubies/ruby-2.6.3/include/x86_64-linux" />
          <item key="sitearchlibdir" value="/usr/share/rvm/rubies/ruby-2.6.3/lib/x86_64-linux" />
          <item key="sitedir" value="/usr/share/rvm/rubies/ruby-2.6.3/lib/ruby/site_ruby" />
          <item key="sitehdrdir" value="/usr/share/rvm/rubies/ruby-2.6.3/include/ruby-2.6.0/site_ruby" />
          <item key="sitelibdir" value="/usr/share/rvm/rubies/ruby-2.6.3/lib/ruby/site_ruby/2.6.0" />
          <item key="strict_warnflags" value="-std=gnu99" />
          <item key="sysconfdir" value="/usr/share/rvm/rubies/ruby-2.6.3/etc" />
          <item key="target" value="x86_64-pc-linux-gnu" />
          <item key="target_cpu" value="x86_64" />
          <item key="target_os" value="linux" />
          <item key="target_vendor" value="pc" />
          <item key="topdir" value="/usr/share/rvm/rubies/ruby-2.6.3/lib/ruby/2.6.0/x86_64-linux" />
          <item key="vendorarchdir" value="/usr/share/rvm/rubies/ruby-2.6.3/lib/ruby/vendor_ruby/2.6.0/x86_64-linux" />
          <item key="vendorarchhdrdir" value="/usr/share/rvm/rubies/ruby-2.6.3/include/ruby-2.6.0/vendor_ruby/x86_64-linux" />
          <item key="vendordir" value="/usr/share/rvm/rubies/ruby-2.6.3/lib/ruby/vendor_ruby" />
          <item key="vendorhdrdir" value="/usr/share/rvm/rubies/ruby-2.6.3/include/ruby-2.6.0/vendor_ruby" />
          <item key="vendorlibdir" value="/usr/share/rvm/rubies/ruby-2.6.3/lib/ruby/vendor_ruby/2.6.0" />
          <item key="warnflags" value="-Wall -Wextra -Wdeclaration-after-statement -Wdeprecated-declarations -Wduplicated-cond -Wimplicit-function-declaration -Wimplicit-int -Wmisleading-indentation -Wpointer-arith -Wrestrict -Wwrite-strings -Wimplicit-fallthrough=0 -Wmissing-noreturn -Wno-cast-function-type -Wno-constant-logical-operand -Wno-long-long -Wno-missing-field-initializers -Wno-overlength-strings -Wno-packed-bitfield-compat -Wno-parentheses-equality -Wno-self-assign -Wno-tautological-compare -Wno-unused-parameter -Wno-unused-value -Wsuggest-attribute=format -Wsuggest-attribute=noreturn -Wunused-variable" />
        </RbConfig>
      </additional>
    </jdk>
    <jdk version="2">
      <name value="RVM: ruby-2.6.3 [global]" />
      <type value="RUBY_SDK" />
      <version value="ver.2.6.3p62 ( revision 67580) p62" />
      <homePath value="/usr/share/rvm/rubies/ruby-2.6.3/bin/ruby" />
      <roots>
        <classPath>
          <root type="composite">
            <root url="file:///usr/share/rvm/rubies/ruby-2.6.3/lib/ruby/site_ruby/2.6.0" type="simple" />
            <root url="file:///usr/share/rvm/rubies/ruby-2.6.3/lib/ruby/site_ruby/2.6.0/x86_64-linux" type="simple" />
            <root url="file:///usr/share/rvm/rubies/ruby-2.6.3/lib/ruby/site_ruby" type="simple" />
            <root url="file:///usr/share/rvm/rubies/ruby-2.6.3/lib/ruby/vendor_ruby/2.6.0" type="simple" />
            <root url="file:///usr/share/rvm/rubies/ruby-2.6.3/lib/ruby/vendor_ruby/2.6.0/x86_64-linux" type="simple" />
            <root url="file:///usr/share/rvm/rubies/ruby-2.6.3/lib/ruby/vendor_ruby" type="simple" />
            <root url="file:///usr/share/rvm/rubies/ruby-2.6.3/lib/ruby/2.6.0" type="simple" />
            <root url="file:///usr/share/rvm/rubies/ruby-2.6.3/lib/ruby/2.6.0/x86_64-linux" type="simple" />
            <root url="file://$APPLICATION_HOME_DIR$/rubystubs26" type="simple" />
          </root>
        </classPath>
        <sourcePath>
          <root type="composite">
            <root url="file:///usr/share/rvm/rubies/ruby-2.6.3/lib/ruby/site_ruby/2.6.0" type="simple" />
            <root url="file:///usr/share/rvm/rubies/ruby-2.6.3/lib/ruby/site_ruby/2.6.0/x86_64-linux" type="simple" />
            <root url="file:///usr/share/rvm/rubies/ruby-2.6.3/lib/ruby/site_ruby" type="simple" />
            <root url="file:///usr/share/rvm/rubies/ruby-2.6.3/lib/ruby/vendor_ruby/2.6.0" type="simple" />
            <root url="file:///usr/share/rvm/rubies/ruby-2.6.3/lib/ruby/vendor_ruby/2.6.0/x86_64-linux" type="simple" />
            <root url="file:///usr/share/rvm/rubies/ruby-2.6.3/lib/ruby/vendor_ruby" type="simple" />
            <root url="file:///usr/share/rvm/rubies/ruby-2.6.3/lib/ruby/2.6.0" type="simple" />
            <root url="file:///usr/share/rvm/rubies/ruby-2.6.3/lib/ruby/2.6.0/x86_64-linux" type="simple" />
            <root url="file://$APPLICATION_HOME_DIR$/rubystubs26" type="simple" />
          </root>
        </sourcePath>
      </roots>
      <additional NORMALIZED_VERSION_STRING="ver.2.6.3p62 ( revision 67580) p62" version="1" GEMS_BIN_DIR_PATH="/usr/share/rvm/rubies/ruby-2.6.3/bin">
        <VERSION_MANAGER ID="rvm">
          <distribution-id>ruby-2.6.3@global</distribution-id>
          <version-manager-path>/usr/share/rvm/bin/rvm</version-manager-path>
        </VERSION_MANAGER>
        <RbConfig>
          <item key="AR" value="ar" />
          <item key="ARFLAGS" value="rcD " />
          <item key="AS" value="as" />
          <item key="ASMEXT" value="S" />
          <item key="BUILTIN_TRANSSRCS" value=" enc/trans/newline.c" />
          <item key="CC" value="gcc" />
          <item key="CCDLFLAGS" value="-fPIC" />
          <item key="CC_VERSION" value="gcc --version" />
          <item key="CC_VERSION_MESSAGE" value="gcc (Ubuntu 8.3.0-6ubuntu1~18.10) 8.3.0&#10;Copyright (C) 2018 Free Software Foundation, Inc.&#10;This is free software; see the source for copying conditions.  There is NO&#10;warranty; not even for MERCHANTABILITY or FITNESS FOR A PARTICULAR PURPOSE." />
          <item key="CFLAGS" value="-O3 -ggdb3 -Wall -Wextra -Wdeclaration-after-statement -Wdeprecated-declarations -Wduplicated-cond -Wimplicit-function-declaration -Wimplicit-int -Wmisleading-indentation -Wpointer-arith -Wrestrict -Wwrite-strings -Wimplicit-fallthrough=0 -Wmissing-noreturn -Wno-cast-function-type -Wno-constant-logical-operand -Wno-long-long -Wno-missing-field-initializers -Wno-overlength-strings -Wno-packed-bitfield-compat -Wno-parentheses-equality -Wno-self-assign -Wno-tautological-compare -Wno-unused-parameter -Wno-unused-value -Wsuggest-attribute=format -Wsuggest-attribute=noreturn -Wunused-variable  -fPIC" />
          <item key="CHDIR" value="cd -P" />
          <item key="CONFIGURE" value="configure" />
          <item key="COUTFLAG" value="-o " />
          <item key="CP" value="cp" />
          <item key="CPP" value="gcc -E" />
          <item key="CPPFLAGS" value="  " />
          <item key="CPPOUTFILE" value="-o conftest.i" />
          <item key="CROSS_COMPILING" value="no" />
          <item key="CXX" value="g++" />
          <item key="CXXFLAGS" value="-O3 -ggdb3 -Wall -Wextra -Wdeclaration-after-statement -Wdeprecated-declarations -Wduplicated-cond -Wimplicit-function-declaration -Wimplicit-int -Wmisleading-indentation -Wpointer-arith -Wrestrict -Wwrite-strings -Wimplicit-fallthrough=0 -Wmissing-noreturn -Wno-cast-function-type -Wno-constant-logical-operand -Wno-long-long -Wno-missing-field-initializers -Wno-overlength-strings -Wno-packed-bitfield-compat -Wno-parentheses-equality -Wno-self-assign -Wno-tautological-compare -Wno-unused-parameter -Wno-unused-value -Wsuggest-attribute=format -Wsuggest-attribute=noreturn -Wunused-variable" />
          <item key="DLDFLAGS" value="-Wl,--compress-debug-sections=zlib" />
          <item key="DLDLIBS" value=" -lc" />
          <item key="DLDSHARED" value="gcc -shared" />
          <item key="DLEXT" value="so" />
          <item key="DLNOBJ" value="dln.o" />
          <item key="ECHO_N" value="-n" />
          <item key="EGREP" value="/bin/grep -E" />
          <item key="ENABLE_SHARED" value="yes" />
          <item key="EXTOUT" value=".ext" />
          <item key="GCC" value="yes" />
          <item key="GIT" value="git" />
          <item key="GNU_LD" value="yes" />
          <item key="GREP" value="/bin/grep" />
          <item key="HAVE_GIT" value="yes" />
          <item key="INSTALL" value="/usr/bin/install -c" />
          <item key="INSTALL_DATA" value="/usr/bin/install -c -m 644" />
          <item key="INSTALL_PROGRAM" value="/usr/bin/install -c" />
          <item key="INSTALL_SCRIPT" value="/usr/bin/install -c" />
          <item key="INSTALL_STATIC_LIBRARY" value="no" />
          <item key="LD" value="ld" />
          <item key="LDFLAGS" value="-L. -fstack-protector-strong -rdynamic -Wl,-export-dynamic" />
          <item key="LDSHARED" value="gcc -shared" />
          <item key="LDSHAREDXX" value="g++ -shared" />
          <item key="LIBEXT" value="a" />
          <item key="LIBPATHENV" value="LD_LIBRARY_PATH" />
          <item key="LIBPATHFLAG" value=" -L%1$-s" />
          <item key="LIBRUBY" value="libruby.so.2.6.3" />
          <item key="LIBRUBYARG" value="-Wl,-rpath,/usr/share/rvm/rubies/ruby-2.6.3/lib -L/usr/share/rvm/rubies/ruby-2.6.3/lib -lruby" />
          <item key="LIBRUBYARG_SHARED" value="-Wl,-rpath,/usr/share/rvm/rubies/ruby-2.6.3/lib -L/usr/share/rvm/rubies/ruby-2.6.3/lib -lruby" />
          <item key="LIBRUBYARG_STATIC" value="-Wl,-rpath,/usr/share/rvm/rubies/ruby-2.6.3/lib -L/usr/share/rvm/rubies/ruby-2.6.3/lib -lruby-static -lz -lpthread -lrt -lrt -lgmp -ldl -lcrypt -lm " />
          <item key="LIBRUBY_A" value="libruby-static.a" />
          <item key="LIBRUBY_ALIASES" value="libruby.so.2.6 libruby.so" />
          <item key="LIBRUBY_RELATIVE" value="no" />
          <item key="LIBRUBY_SO" value="libruby.so.2.6.3" />
          <item key="LIBRUBY_SONAME" value="libruby.so.2.6" />
          <item key="LIBS" value="-lm " />
          <item key="LN_S" value="ln -s" />
          <item key="MAINLIBS" value="-lz -lpthread -lrt -lrt -lgmp -ldl -lcrypt -lm " />
          <item key="MAJOR" value="2" />
          <item key="MAKEDIRS" value="/bin/mkdir -p" />
          <item key="MAKEFILES" value="Makefile GNUmakefile" />
          <item key="MANTYPE" value="doc" />
          <item key="MATHN" value="yes" />
          <item key="MINOR" value="6" />
          <item key="MJIT_SUPPORT" value="yes" />
          <item key="MKDIR_P" value="/bin/mkdir -p" />
          <item key="NM" value="nm" />
          <item key="NULLCMD" value=":" />
          <item key="OBJCOPY" value=":" />
          <item key="OBJDUMP" value="objdump" />
          <item key="OBJEXT" value="o" />
          <item key="OUTFLAG" value="-o " />
          <item key="PACKAGE" value="ruby" />
          <item key="PATCHLEVEL" value="62" />
          <item key="PATH_SEPARATOR" value=":" />
          <item key="PKG_CONFIG" value="pkg-config" />
          <item key="POSTLINK" value=":" />
          <item key="PRELOADENV" value="LD_PRELOAD" />
          <item key="PREP" value="miniruby" />
          <item key="RANLIB" value="ranlib" />
          <item key="RI_BASE_NAME" value="ri" />
          <item key="RM" value="rm -f" />
          <item key="RMALL" value="rm -fr" />
          <item key="RMDIR" value="rmdir --ignore-fail-on-non-empty" />
          <item key="RMDIRS" value="rmdir --ignore-fail-on-non-empty -p" />
          <item key="RPATHFLAG" value=" -Wl,-rpath,%1$-s" />
          <item key="RUBYW_BASE_NAME" value="rubyw" />
          <item key="RUBY_API_VERSION" value="2.6" />
          <item key="RUBY_BASE_NAME" value="ruby" />
          <item key="RUBY_EXEC_PREFIX" value="/usr/share/rvm/rubies/ruby-2.6.3" />
          <item key="RUBY_INSTALL_NAME" value="ruby" />
          <item key="RUBY_LIB_VERSION_STYLE" value="3&#9;/* full */" />
          <item key="RUBY_PROGRAM_VERSION" value="2.6.3" />
          <item key="RUBY_SO_NAME" value="ruby" />
          <item key="RUBY_VERSION_NAME" value="ruby-2.6.0" />
          <item key="SHELL" value="/bin/bash" />
          <item key="SOEXT" value="so" />
          <item key="SOLIBS" value="-lz -lpthread -lrt -lrt -lgmp -ldl -lcrypt -lm " />
          <item key="STRIP" value="strip -S -x" />
          <item key="TEENY" value="3" />
          <item key="TEST_RUNNABLE" value="yes" />
          <item key="THREAD_MODEL" value="pthread" />
          <item key="UNICODE_EMOJI_VERSION" value="12.0" />
          <item key="UNICODE_VERSION" value="12.1.0" />
          <item key="WERRORFLAG" value="-Werror" />
          <item key="arch" value="x86_64-linux" />
          <item key="archdir" value="/usr/share/rvm/rubies/ruby-2.6.3/lib/ruby/2.6.0/x86_64-linux" />
          <item key="archincludedir" value="/usr/share/rvm/rubies/ruby-2.6.3/include/x86_64-linux" />
          <item key="archlibdir" value="/usr/share/rvm/rubies/ruby-2.6.3/lib/x86_64-linux" />
          <item key="bindir" value="/usr/share/rvm/rubies/ruby-2.6.3/bin" />
          <item key="build" value="x86_64-pc-linux-gnu" />
          <item key="build_cpu" value="x86_64" />
          <item key="build_os" value="linux-gnu" />
          <item key="build_vendor" value="pc" />
          <item key="cflags" value="-O3 -ggdb3 -Wall -Wextra -Wdeclaration-after-statement -Wdeprecated-declarations -Wduplicated-cond -Wimplicit-function-declaration -Wimplicit-int -Wmisleading-indentation -Wpointer-arith -Wrestrict -Wwrite-strings -Wimplicit-fallthrough=0 -Wmissing-noreturn -Wno-cast-function-type -Wno-constant-logical-operand -Wno-long-long -Wno-missing-field-initializers -Wno-overlength-strings -Wno-packed-bitfield-compat -Wno-parentheses-equality -Wno-self-assign -Wno-tautological-compare -Wno-unused-parameter -Wno-unused-value -Wsuggest-attribute=format -Wsuggest-attribute=noreturn -Wunused-variable" />
          <item key="configure_args" value=" '--prefix=/usr/share/rvm/rubies/ruby-2.6.3' '--disable-install-doc' '--enable-shared'" />
          <item key="cxxflags" value="-O3 -ggdb3 -Wall -Wextra -Wdeclaration-after-statement -Wdeprecated-declarations -Wduplicated-cond -Wimplicit-function-declaration -Wimplicit-int -Wmisleading-indentation -Wpointer-arith -Wrestrict -Wwrite-strings -Wimplicit-fallthrough=0 -Wmissing-noreturn -Wno-cast-function-type -Wno-constant-logical-operand -Wno-long-long -Wno-missing-field-initializers -Wno-overlength-strings -Wno-packed-bitfield-compat -Wno-parentheses-equality -Wno-self-assign -Wno-tautological-compare -Wno-unused-parameter -Wno-unused-value -Wsuggest-attribute=format -Wsuggest-attribute=noreturn -Wunused-variable" />
          <item key="datadir" value="/usr/share/rvm/rubies/ruby-2.6.3/share" />
          <item key="datarootdir" value="/usr/share/rvm/rubies/ruby-2.6.3/share" />
          <item key="debugflags" value="-ggdb3" />
          <item key="docdir" value="/usr/share/rvm/rubies/ruby-2.6.3/share/doc/ruby" />
          <item key="dvidir" value="/usr/share/rvm/rubies/ruby-2.6.3/share/doc/ruby" />
          <item key="exec" value="exec" />
          <item key="exec_prefix" value="/usr/share/rvm/rubies/ruby-2.6.3" />
          <item key="host" value="x86_64-pc-linux-gnu" />
          <item key="host_cpu" value="x86_64" />
          <item key="host_os" value="linux-gnu" />
          <item key="host_vendor" value="pc" />
          <item key="htmldir" value="/usr/share/rvm/rubies/ruby-2.6.3/share/doc/ruby" />
          <item key="includedir" value="/usr/share/rvm/rubies/ruby-2.6.3/include" />
          <item key="infodir" value="/usr/share/rvm/rubies/ruby-2.6.3/share/info" />
          <item key="libdir" value="/usr/share/rvm/rubies/ruby-2.6.3/lib" />
          <item key="libdirname" value="libdir" />
          <item key="libexecdir" value="/usr/share/rvm/rubies/ruby-2.6.3/libexec" />
          <item key="localedir" value="/usr/share/rvm/rubies/ruby-2.6.3/share/locale" />
          <item key="localstatedir" value="/usr/share/rvm/rubies/ruby-2.6.3/var" />
          <item key="mandir" value="/usr/share/rvm/rubies/ruby-2.6.3/share/man" />
          <item key="oldincludedir" value="/usr/include" />
          <item key="optflags" value="-O3" />
          <item key="pdfdir" value="/usr/share/rvm/rubies/ruby-2.6.3/share/doc/ruby" />
          <item key="prefix" value="/usr/share/rvm/rubies/ruby-2.6.3" />
          <item key="psdir" value="/usr/share/rvm/rubies/ruby-2.6.3/share/doc/ruby" />
          <item key="ridir" value="/usr/share/rvm/rubies/ruby-2.6.3/share/ri" />
          <item key="ruby_install_name" value="ruby" />
          <item key="ruby_pc" value="ruby-2.6.pc" />
          <item key="ruby_version" value="2.6.0" />
          <item key="rubyarchdir" value="/usr/share/rvm/rubies/ruby-2.6.3/lib/ruby/2.6.0/x86_64-linux" />
          <item key="rubyarchhdrdir" value="/usr/share/rvm/rubies/ruby-2.6.3/include/ruby-2.6.0/x86_64-linux" />
          <item key="rubyarchprefix" value="/usr/share/rvm/rubies/ruby-2.6.3/lib/ruby/x86_64-linux" />
          <item key="rubyhdrdir" value="/usr/share/rvm/rubies/ruby-2.6.3/include/ruby-2.6.0" />
          <item key="rubylibdir" value="/usr/share/rvm/rubies/ruby-2.6.3/lib/ruby/2.6.0" />
          <item key="rubylibprefix" value="/usr/share/rvm/rubies/ruby-2.6.3/lib/ruby" />
          <item key="rubysitearchprefix" value="/usr/share/rvm/rubies/ruby-2.6.3/lib/ruby/x86_64-linux" />
          <item key="sbindir" value="/usr/share/rvm/rubies/ruby-2.6.3/sbin" />
          <item key="setup" value="Setup" />
          <item key="sharedstatedir" value="/usr/share/rvm/rubies/ruby-2.6.3/com" />
          <item key="sitearch" value="x86_64-linux" />
          <item key="sitearchdir" value="/usr/share/rvm/rubies/ruby-2.6.3/lib/ruby/site_ruby/2.6.0/x86_64-linux" />
          <item key="sitearchhdrdir" value="/usr/share/rvm/rubies/ruby-2.6.3/include/ruby-2.6.0/site_ruby/x86_64-linux" />
          <item key="sitearchincludedir" value="/usr/share/rvm/rubies/ruby-2.6.3/include/x86_64-linux" />
          <item key="sitearchlibdir" value="/usr/share/rvm/rubies/ruby-2.6.3/lib/x86_64-linux" />
          <item key="sitedir" value="/usr/share/rvm/rubies/ruby-2.6.3/lib/ruby/site_ruby" />
          <item key="sitehdrdir" value="/usr/share/rvm/rubies/ruby-2.6.3/include/ruby-2.6.0/site_ruby" />
          <item key="sitelibdir" value="/usr/share/rvm/rubies/ruby-2.6.3/lib/ruby/site_ruby/2.6.0" />
          <item key="strict_warnflags" value="-std=gnu99" />
          <item key="sysconfdir" value="/usr/share/rvm/rubies/ruby-2.6.3/etc" />
          <item key="target" value="x86_64-pc-linux-gnu" />
          <item key="target_cpu" value="x86_64" />
          <item key="target_os" value="linux" />
          <item key="target_vendor" value="pc" />
          <item key="topdir" value="/usr/share/rvm/rubies/ruby-2.6.3/lib/ruby/2.6.0/x86_64-linux" />
          <item key="vendorarchdir" value="/usr/share/rvm/rubies/ruby-2.6.3/lib/ruby/vendor_ruby/2.6.0/x86_64-linux" />
          <item key="vendorarchhdrdir" value="/usr/share/rvm/rubies/ruby-2.6.3/include/ruby-2.6.0/vendor_ruby/x86_64-linux" />
          <item key="vendordir" value="/usr/share/rvm/rubies/ruby-2.6.3/lib/ruby/vendor_ruby" />
          <item key="vendorhdrdir" value="/usr/share/rvm/rubies/ruby-2.6.3/include/ruby-2.6.0/vendor_ruby" />
          <item key="vendorlibdir" value="/usr/share/rvm/rubies/ruby-2.6.3/lib/ruby/vendor_ruby/2.6.0" />
          <item key="warnflags" value="-Wall -Wextra -Wdeclaration-after-statement -Wdeprecated-declarations -Wduplicated-cond -Wimplicit-function-declaration -Wimplicit-int -Wmisleading-indentation -Wpointer-arith -Wrestrict -Wwrite-strings -Wimplicit-fallthrough=0 -Wmissing-noreturn -Wno-cast-function-type -Wno-constant-logical-operand -Wno-long-long -Wno-missing-field-initializers -Wno-overlength-strings -Wno-packed-bitfield-compat -Wno-parentheses-equality -Wno-self-assign -Wno-tautological-compare -Wno-unused-parameter -Wno-unused-value -Wsuggest-attribute=format -Wsuggest-attribute=noreturn -Wunused-variable" />
        </RbConfig>
      </additional>
    </jdk>
    <jdk version="2">
      <name value="RVM: ruby-2.6.3" />
      <type value="RUBY_SDK" />
      <version value="ver.2.6.3p62 ( revision 67580) p62" />
      <homePath value="/usr/share/rvm/rubies/ruby-2.6.3/bin/ruby" />
      <roots>
        <classPath>
          <root type="composite">
            <root url="file:///usr/share/rvm/rubies/ruby-2.6.3/lib/ruby/site_ruby/2.6.0" type="simple" />
            <root url="file:///usr/share/rvm/rubies/ruby-2.6.3/lib/ruby/site_ruby/2.6.0/x86_64-linux" type="simple" />
            <root url="file:///usr/share/rvm/rubies/ruby-2.6.3/lib/ruby/site_ruby" type="simple" />
            <root url="file:///usr/share/rvm/rubies/ruby-2.6.3/lib/ruby/vendor_ruby/2.6.0" type="simple" />
            <root url="file:///usr/share/rvm/rubies/ruby-2.6.3/lib/ruby/vendor_ruby/2.6.0/x86_64-linux" type="simple" />
            <root url="file:///usr/share/rvm/rubies/ruby-2.6.3/lib/ruby/vendor_ruby" type="simple" />
            <root url="file:///usr/share/rvm/rubies/ruby-2.6.3/lib/ruby/2.6.0" type="simple" />
            <root url="file:///usr/share/rvm/rubies/ruby-2.6.3/lib/ruby/2.6.0/x86_64-linux" type="simple" />
            <root url="file://$APPLICATION_HOME_DIR$/rubystubs26" type="simple" />
          </root>
        </classPath>
        <sourcePath>
          <root type="composite">
            <root url="file:///usr/share/rvm/rubies/ruby-2.6.3/lib/ruby/site_ruby/2.6.0" type="simple" />
            <root url="file:///usr/share/rvm/rubies/ruby-2.6.3/lib/ruby/site_ruby/2.6.0/x86_64-linux" type="simple" />
            <root url="file:///usr/share/rvm/rubies/ruby-2.6.3/lib/ruby/site_ruby" type="simple" />
            <root url="file:///usr/share/rvm/rubies/ruby-2.6.3/lib/ruby/vendor_ruby/2.6.0" type="simple" />
            <root url="file:///usr/share/rvm/rubies/ruby-2.6.3/lib/ruby/vendor_ruby/2.6.0/x86_64-linux" type="simple" />
            <root url="file:///usr/share/rvm/rubies/ruby-2.6.3/lib/ruby/vendor_ruby" type="simple" />
            <root url="file:///usr/share/rvm/rubies/ruby-2.6.3/lib/ruby/2.6.0" type="simple" />
            <root url="file:///usr/share/rvm/rubies/ruby-2.6.3/lib/ruby/2.6.0/x86_64-linux" type="simple" />
            <root url="file://$APPLICATION_HOME_DIR$/rubystubs26" type="simple" />
          </root>
        </sourcePath>
      </roots>
      <additional NORMALIZED_VERSION_STRING="ver.2.6.3p62 ( revision 67580) p62" version="1" GEMS_BIN_DIR_PATH="$USER_HOME$/.rvm/gems/ruby-2.6.3/bin">
        <VERSION_MANAGER ID="rvm">
          <distribution-id>ruby-2.6.3</distribution-id>
          <version-manager-path>/usr/share/rvm/bin/rvm</version-manager-path>
        </VERSION_MANAGER>
        <RbConfig>
          <item key="AR" value="ar" />
          <item key="ARFLAGS" value="rcD " />
          <item key="AS" value="as" />
          <item key="ASMEXT" value="S" />
          <item key="BUILTIN_TRANSSRCS" value=" enc/trans/newline.c" />
          <item key="CC" value="gcc" />
          <item key="CCDLFLAGS" value="-fPIC" />
          <item key="CC_VERSION" value="gcc --version" />
          <item key="CC_VERSION_MESSAGE" value="gcc (Ubuntu 8.3.0-6ubuntu1~18.10) 8.3.0&#10;Copyright (C) 2018 Free Software Foundation, Inc.&#10;This is free software; see the source for copying conditions.  There is NO&#10;warranty; not even for MERCHANTABILITY or FITNESS FOR A PARTICULAR PURPOSE." />
          <item key="CFLAGS" value="-O3 -ggdb3 -Wall -Wextra -Wdeclaration-after-statement -Wdeprecated-declarations -Wduplicated-cond -Wimplicit-function-declaration -Wimplicit-int -Wmisleading-indentation -Wpointer-arith -Wrestrict -Wwrite-strings -Wimplicit-fallthrough=0 -Wmissing-noreturn -Wno-cast-function-type -Wno-constant-logical-operand -Wno-long-long -Wno-missing-field-initializers -Wno-overlength-strings -Wno-packed-bitfield-compat -Wno-parentheses-equality -Wno-self-assign -Wno-tautological-compare -Wno-unused-parameter -Wno-unused-value -Wsuggest-attribute=format -Wsuggest-attribute=noreturn -Wunused-variable  -fPIC" />
          <item key="CHDIR" value="cd -P" />
          <item key="CONFIGURE" value="configure" />
          <item key="COUTFLAG" value="-o " />
          <item key="CP" value="cp" />
          <item key="CPP" value="gcc -E" />
          <item key="CPPFLAGS" value="  " />
          <item key="CPPOUTFILE" value="-o conftest.i" />
          <item key="CROSS_COMPILING" value="no" />
          <item key="CXX" value="g++" />
          <item key="CXXFLAGS" value="-O3 -ggdb3 -Wall -Wextra -Wdeclaration-after-statement -Wdeprecated-declarations -Wduplicated-cond -Wimplicit-function-declaration -Wimplicit-int -Wmisleading-indentation -Wpointer-arith -Wrestrict -Wwrite-strings -Wimplicit-fallthrough=0 -Wmissing-noreturn -Wno-cast-function-type -Wno-constant-logical-operand -Wno-long-long -Wno-missing-field-initializers -Wno-overlength-strings -Wno-packed-bitfield-compat -Wno-parentheses-equality -Wno-self-assign -Wno-tautological-compare -Wno-unused-parameter -Wno-unused-value -Wsuggest-attribute=format -Wsuggest-attribute=noreturn -Wunused-variable" />
          <item key="DLDFLAGS" value="-Wl,--compress-debug-sections=zlib" />
          <item key="DLDLIBS" value=" -lc" />
          <item key="DLDSHARED" value="gcc -shared" />
          <item key="DLEXT" value="so" />
          <item key="DLNOBJ" value="dln.o" />
          <item key="ECHO_N" value="-n" />
          <item key="EGREP" value="/bin/grep -E" />
          <item key="ENABLE_SHARED" value="yes" />
          <item key="EXTOUT" value=".ext" />
          <item key="GCC" value="yes" />
          <item key="GIT" value="git" />
          <item key="GNU_LD" value="yes" />
          <item key="GREP" value="/bin/grep" />
          <item key="HAVE_GIT" value="yes" />
          <item key="INSTALL" value="/usr/bin/install -c" />
          <item key="INSTALL_DATA" value="/usr/bin/install -c -m 644" />
          <item key="INSTALL_PROGRAM" value="/usr/bin/install -c" />
          <item key="INSTALL_SCRIPT" value="/usr/bin/install -c" />
          <item key="INSTALL_STATIC_LIBRARY" value="no" />
          <item key="LD" value="ld" />
          <item key="LDFLAGS" value="-L. -fstack-protector-strong -rdynamic -Wl,-export-dynamic" />
          <item key="LDSHARED" value="gcc -shared" />
          <item key="LDSHAREDXX" value="g++ -shared" />
          <item key="LIBEXT" value="a" />
          <item key="LIBPATHENV" value="LD_LIBRARY_PATH" />
          <item key="LIBPATHFLAG" value=" -L%1$-s" />
          <item key="LIBRUBY" value="libruby.so.2.6.3" />
          <item key="LIBRUBYARG" value="-Wl,-rpath,/usr/share/rvm/rubies/ruby-2.6.3/lib -L/usr/share/rvm/rubies/ruby-2.6.3/lib -lruby" />
          <item key="LIBRUBYARG_SHARED" value="-Wl,-rpath,/usr/share/rvm/rubies/ruby-2.6.3/lib -L/usr/share/rvm/rubies/ruby-2.6.3/lib -lruby" />
          <item key="LIBRUBYARG_STATIC" value="-Wl,-rpath,/usr/share/rvm/rubies/ruby-2.6.3/lib -L/usr/share/rvm/rubies/ruby-2.6.3/lib -lruby-static -lz -lpthread -lrt -lrt -lgmp -ldl -lcrypt -lm " />
          <item key="LIBRUBY_A" value="libruby-static.a" />
          <item key="LIBRUBY_ALIASES" value="libruby.so.2.6 libruby.so" />
          <item key="LIBRUBY_RELATIVE" value="no" />
          <item key="LIBRUBY_SO" value="libruby.so.2.6.3" />
          <item key="LIBRUBY_SONAME" value="libruby.so.2.6" />
          <item key="LIBS" value="-lm " />
          <item key="LN_S" value="ln -s" />
          <item key="MAINLIBS" value="-lz -lpthread -lrt -lrt -lgmp -ldl -lcrypt -lm " />
          <item key="MAJOR" value="2" />
          <item key="MAKEDIRS" value="/bin/mkdir -p" />
          <item key="MAKEFILES" value="Makefile GNUmakefile" />
          <item key="MANTYPE" value="doc" />
          <item key="MATHN" value="yes" />
          <item key="MINOR" value="6" />
          <item key="MJIT_SUPPORT" value="yes" />
          <item key="MKDIR_P" value="/bin/mkdir -p" />
          <item key="NM" value="nm" />
          <item key="NULLCMD" value=":" />
          <item key="OBJCOPY" value=":" />
          <item key="OBJDUMP" value="objdump" />
          <item key="OBJEXT" value="o" />
          <item key="OUTFLAG" value="-o " />
          <item key="PACKAGE" value="ruby" />
          <item key="PATCHLEVEL" value="62" />
          <item key="PATH_SEPARATOR" value=":" />
          <item key="PKG_CONFIG" value="pkg-config" />
          <item key="POSTLINK" value=":" />
          <item key="PRELOADENV" value="LD_PRELOAD" />
          <item key="PREP" value="miniruby" />
          <item key="RANLIB" value="ranlib" />
          <item key="RI_BASE_NAME" value="ri" />
          <item key="RM" value="rm -f" />
          <item key="RMALL" value="rm -fr" />
          <item key="RMDIR" value="rmdir --ignore-fail-on-non-empty" />
          <item key="RMDIRS" value="rmdir --ignore-fail-on-non-empty -p" />
          <item key="RPATHFLAG" value=" -Wl,-rpath,%1$-s" />
          <item key="RUBYW_BASE_NAME" value="rubyw" />
          <item key="RUBY_API_VERSION" value="2.6" />
          <item key="RUBY_BASE_NAME" value="ruby" />
          <item key="RUBY_EXEC_PREFIX" value="/usr/share/rvm/rubies/ruby-2.6.3" />
          <item key="RUBY_INSTALL_NAME" value="ruby" />
          <item key="RUBY_LIB_VERSION_STYLE" value="3&#9;/* full */" />
          <item key="RUBY_PROGRAM_VERSION" value="2.6.3" />
          <item key="RUBY_SO_NAME" value="ruby" />
          <item key="RUBY_VERSION_NAME" value="ruby-2.6.0" />
          <item key="SHELL" value="/bin/bash" />
          <item key="SOEXT" value="so" />
          <item key="SOLIBS" value="-lz -lpthread -lrt -lrt -lgmp -ldl -lcrypt -lm " />
          <item key="STRIP" value="strip -S -x" />
          <item key="TEENY" value="3" />
          <item key="TEST_RUNNABLE" value="yes" />
          <item key="THREAD_MODEL" value="pthread" />
          <item key="UNICODE_EMOJI_VERSION" value="12.0" />
          <item key="UNICODE_VERSION" value="12.1.0" />
          <item key="WERRORFLAG" value="-Werror" />
          <item key="arch" value="x86_64-linux" />
          <item key="archdir" value="/usr/share/rvm/rubies/ruby-2.6.3/lib/ruby/2.6.0/x86_64-linux" />
          <item key="archincludedir" value="/usr/share/rvm/rubies/ruby-2.6.3/include/x86_64-linux" />
          <item key="archlibdir" value="/usr/share/rvm/rubies/ruby-2.6.3/lib/x86_64-linux" />
          <item key="bindir" value="/usr/share/rvm/rubies/ruby-2.6.3/bin" />
          <item key="build" value="x86_64-pc-linux-gnu" />
          <item key="build_cpu" value="x86_64" />
          <item key="build_os" value="linux-gnu" />
          <item key="build_vendor" value="pc" />
          <item key="cflags" value="-O3 -ggdb3 -Wall -Wextra -Wdeclaration-after-statement -Wdeprecated-declarations -Wduplicated-cond -Wimplicit-function-declaration -Wimplicit-int -Wmisleading-indentation -Wpointer-arith -Wrestrict -Wwrite-strings -Wimplicit-fallthrough=0 -Wmissing-noreturn -Wno-cast-function-type -Wno-constant-logical-operand -Wno-long-long -Wno-missing-field-initializers -Wno-overlength-strings -Wno-packed-bitfield-compat -Wno-parentheses-equality -Wno-self-assign -Wno-tautological-compare -Wno-unused-parameter -Wno-unused-value -Wsuggest-attribute=format -Wsuggest-attribute=noreturn -Wunused-variable" />
          <item key="configure_args" value=" '--prefix=/usr/share/rvm/rubies/ruby-2.6.3' '--disable-install-doc' '--enable-shared'" />
          <item key="cxxflags" value="-O3 -ggdb3 -Wall -Wextra -Wdeclaration-after-statement -Wdeprecated-declarations -Wduplicated-cond -Wimplicit-function-declaration -Wimplicit-int -Wmisleading-indentation -Wpointer-arith -Wrestrict -Wwrite-strings -Wimplicit-fallthrough=0 -Wmissing-noreturn -Wno-cast-function-type -Wno-constant-logical-operand -Wno-long-long -Wno-missing-field-initializers -Wno-overlength-strings -Wno-packed-bitfield-compat -Wno-parentheses-equality -Wno-self-assign -Wno-tautological-compare -Wno-unused-parameter -Wno-unused-value -Wsuggest-attribute=format -Wsuggest-attribute=noreturn -Wunused-variable" />
          <item key="datadir" value="/usr/share/rvm/rubies/ruby-2.6.3/share" />
          <item key="datarootdir" value="/usr/share/rvm/rubies/ruby-2.6.3/share" />
          <item key="debugflags" value="-ggdb3" />
          <item key="docdir" value="/usr/share/rvm/rubies/ruby-2.6.3/share/doc/ruby" />
          <item key="dvidir" value="/usr/share/rvm/rubies/ruby-2.6.3/share/doc/ruby" />
          <item key="exec" value="exec" />
          <item key="exec_prefix" value="/usr/share/rvm/rubies/ruby-2.6.3" />
          <item key="host" value="x86_64-pc-linux-gnu" />
          <item key="host_cpu" value="x86_64" />
          <item key="host_os" value="linux-gnu" />
          <item key="host_vendor" value="pc" />
          <item key="htmldir" value="/usr/share/rvm/rubies/ruby-2.6.3/share/doc/ruby" />
          <item key="includedir" value="/usr/share/rvm/rubies/ruby-2.6.3/include" />
          <item key="infodir" value="/usr/share/rvm/rubies/ruby-2.6.3/share/info" />
          <item key="libdir" value="/usr/share/rvm/rubies/ruby-2.6.3/lib" />
          <item key="libdirname" value="libdir" />
          <item key="libexecdir" value="/usr/share/rvm/rubies/ruby-2.6.3/libexec" />
          <item key="localedir" value="/usr/share/rvm/rubies/ruby-2.6.3/share/locale" />
          <item key="localstatedir" value="/usr/share/rvm/rubies/ruby-2.6.3/var" />
          <item key="mandir" value="/usr/share/rvm/rubies/ruby-2.6.3/share/man" />
          <item key="oldincludedir" value="/usr/include" />
          <item key="optflags" value="-O3" />
          <item key="pdfdir" value="/usr/share/rvm/rubies/ruby-2.6.3/share/doc/ruby" />
          <item key="prefix" value="/usr/share/rvm/rubies/ruby-2.6.3" />
          <item key="psdir" value="/usr/share/rvm/rubies/ruby-2.6.3/share/doc/ruby" />
          <item key="ridir" value="/usr/share/rvm/rubies/ruby-2.6.3/share/ri" />
          <item key="ruby_install_name" value="ruby" />
          <item key="ruby_pc" value="ruby-2.6.pc" />
          <item key="ruby_version" value="2.6.0" />
          <item key="rubyarchdir" value="/usr/share/rvm/rubies/ruby-2.6.3/lib/ruby/2.6.0/x86_64-linux" />
          <item key="rubyarchhdrdir" value="/usr/share/rvm/rubies/ruby-2.6.3/include/ruby-2.6.0/x86_64-linux" />
          <item key="rubyarchprefix" value="/usr/share/rvm/rubies/ruby-2.6.3/lib/ruby/x86_64-linux" />
          <item key="rubyhdrdir" value="/usr/share/rvm/rubies/ruby-2.6.3/include/ruby-2.6.0" />
          <item key="rubylibdir" value="/usr/share/rvm/rubies/ruby-2.6.3/lib/ruby/2.6.0" />
          <item key="rubylibprefix" value="/usr/share/rvm/rubies/ruby-2.6.3/lib/ruby" />
          <item key="rubysitearchprefix" value="/usr/share/rvm/rubies/ruby-2.6.3/lib/ruby/x86_64-linux" />
          <item key="sbindir" value="/usr/share/rvm/rubies/ruby-2.6.3/sbin" />
          <item key="setup" value="Setup" />
          <item key="sharedstatedir" value="/usr/share/rvm/rubies/ruby-2.6.3/com" />
          <item key="sitearch" value="x86_64-linux" />
          <item key="sitearchdir" value="/usr/share/rvm/rubies/ruby-2.6.3/lib/ruby/site_ruby/2.6.0/x86_64-linux" />
          <item key="sitearchhdrdir" value="/usr/share/rvm/rubies/ruby-2.6.3/include/ruby-2.6.0/site_ruby/x86_64-linux" />
          <item key="sitearchincludedir" value="/usr/share/rvm/rubies/ruby-2.6.3/include/x86_64-linux" />
          <item key="sitearchlibdir" value="/usr/share/rvm/rubies/ruby-2.6.3/lib/x86_64-linux" />
          <item key="sitedir" value="/usr/share/rvm/rubies/ruby-2.6.3/lib/ruby/site_ruby" />
          <item key="sitehdrdir" value="/usr/share/rvm/rubies/ruby-2.6.3/include/ruby-2.6.0/site_ruby" />
          <item key="sitelibdir" value="/usr/share/rvm/rubies/ruby-2.6.3/lib/ruby/site_ruby/2.6.0" />
          <item key="strict_warnflags" value="-std=gnu99" />
          <item key="sysconfdir" value="/usr/share/rvm/rubies/ruby-2.6.3/etc" />
          <item key="target" value="x86_64-pc-linux-gnu" />
          <item key="target_cpu" value="x86_64" />
          <item key="target_os" value="linux" />
          <item key="target_vendor" value="pc" />
          <item key="topdir" value="/usr/share/rvm/rubies/ruby-2.6.3/lib/ruby/2.6.0/x86_64-linux" />
          <item key="vendorarchdir" value="/usr/share/rvm/rubies/ruby-2.6.3/lib/ruby/vendor_ruby/2.6.0/x86_64-linux" />
          <item key="vendorarchhdrdir" value="/usr/share/rvm/rubies/ruby-2.6.3/include/ruby-2.6.0/vendor_ruby/x86_64-linux" />
          <item key="vendordir" value="/usr/share/rvm/rubies/ruby-2.6.3/lib/ruby/vendor_ruby" />
          <item key="vendorhdrdir" value="/usr/share/rvm/rubies/ruby-2.6.3/include/ruby-2.6.0/vendor_ruby" />
          <item key="vendorlibdir" value="/usr/share/rvm/rubies/ruby-2.6.3/lib/ruby/vendor_ruby/2.6.0" />
          <item key="warnflags" value="-Wall -Wextra -Wdeclaration-after-statement -Wdeprecated-declarations -Wduplicated-cond -Wimplicit-function-declaration -Wimplicit-int -Wmisleading-indentation -Wpointer-arith -Wrestrict -Wwrite-strings -Wimplicit-fallthrough=0 -Wmissing-noreturn -Wno-cast-function-type -Wno-constant-logical-operand -Wno-long-long -Wno-missing-field-initializers -Wno-overlength-strings -Wno-packed-bitfield-compat -Wno-parentheses-equality -Wno-self-assign -Wno-tautological-compare -Wno-unused-parameter -Wno-unused-value -Wsuggest-attribute=format -Wsuggest-attribute=noreturn -Wunused-variable" />
        </RbConfig>
      </additional>
    </jdk>
  </component>
</application>