<application>
  <component name="UISettings">
    <option name="DND_WITH_PRESSED_ALT_ONLY" value="true" />
    <option name="EDITOR_TAB_LIMIT" value="20" />
    <option name="HIDE_TABS_IF_NEED" value="false" />
    <option name="MARK_MODIFIED_TABS_WITH_ASTERISK" value="true" />
    <option name="MAX_LOOKUP_LIST_HEIGHT" value="5" />
    <option name="MOVE_MOUSE_ON_DEFAULT_BUTTON" value="true" />
    <option name="SCROLL_TAB_LAYOUT_IN_EDITOR" value="false" />
    <option name="SHOW_EDITOR_TOOLTIP" value="false" />
    <option name="SHOW_NAVIGATION_BAR" value="false" />
    <option name="SHOW_STATUS_BAR" value="false" />
    <option name="smoothScrolling" value="true" />
    <option name="USE_SMALL_LABELS_ON_TABS" value="true" />
  </component>
</application>