<?xml version="1.0" encoding="UTF-8"?>
<scheme name="Twilight" version="1" parent_scheme="Default">
  <option name="LINE_SPACING" value="1.0" />
  <option name="EDITOR_FONT_SIZE" value="14" />
  <option name="EDITOR_FONT_NAME" value="Monaco" />
  <colors>
    <option name="ANNOTATIONS_MERGED_COLOR" value="ffffff" />
    <option name="CARET_COLOR" value="999999" />
    <option name="CARET_ROW_COLOR" value="1b1b1b" />
    <option name="CONSOLE_BACKGROUND_KEY" value="141414" />
    <option name="FOLDING_TREE_COLOR" value="cccccc" />
    <option name="INDENT_GUIDE" value="404040" />
    <option name="LEFT_GUTTER_BACKGROUND" value="e3e3e3" />
    <option name="LINE_NUMBERS_COLOR" value="6b6c6d" />
    <option name="METHOD_SEPARATORS_COLOR" value="" />
    <option name="READONLY_FRAGMENT_BACKGROUND" value="" />
    <option name="RIGHT_MARGIN_COLOR" value="666666" />
    <option name="SELECTED_FOLDING_TREE_COLOR" value="f9ee98" />
    <option name="SELECTED_INDENT_GUIDE" value="dedfe1" />
    <option name="SELECTION_BACKGROUND" value="323537" />
    <option name="SELECTION_FOREGROUND" value="" />
    <option name="WHITESPACES" value="404040" />
  </colors>
  <attributes>
    <option name="BUILDOUT.KEY">
      <value>
        <option name="FOREGROUND" value="a0ae7d" />
        <option name="BACKGROUND" />
        <option name="FONT_TYPE" value="1" />
        <option name="EFFECT_COLOR" />
        <option name="EFFECT_TYPE" value="0" />
        <option name="ERROR_STRIPE_COLOR" />
      </value>
    </option>
    <option name="BUILDOUT.LINE_COMMENT">
      <value>
        <option name="FOREGROUND" value="5f5a60" />
        <option name="BACKGROUND" />
        <option name="FONT_TYPE" value="2" />
        <option name="EFFECT_COLOR" />
        <option name="EFFECT_TYPE" value="0" />
        <option name="ERROR_STRIPE_COLOR" />
      </value>
    </option>
    <option name="BUILDOUT.SECTION_NAME">
      <value>
        <option name="FOREGROUND" value="9b703f" />
        <option name="BACKGROUND" />
        <option name="FONT_TYPE" value="0" />
        <option name="EFFECT_COLOR" />
        <option name="EFFECT_TYPE" value="0" />
        <option name="ERROR_STRIPE_COLOR" />
      </value>
    </option>
    <option name="BUILDOUT.VALUE">
      <value>
        <option name="FOREGROUND" value="f9ee98" />
        <option name="BACKGROUND" />
        <option name="FONT_TYPE" value="1" />
        <option name="EFFECT_COLOR" />
        <option name="EFFECT_TYPE" value="0" />
        <option name="ERROR_STRIPE_COLOR" />
      </value>
    </option>
    <option name="CONSOLE_ERROR_OUTPUT">
      <value>
        <option name="FOREGROUND" value="c9150a" />
        <option name="BACKGROUND" />
        <option name="FONT_TYPE" value="0" />
        <option name="EFFECT_COLOR" />
        <option name="EFFECT_TYPE" value="0" />
        <option name="ERROR_STRIPE_COLOR" />
      </value>
    </option>
    <option name="CONSOLE_NORMAL_OUTPUT">
      <value>
        <option name="FOREGROUND" value="25bc24" />
        <option name="BACKGROUND" />
        <option name="FONT_TYPE" value="0" />
        <option name="EFFECT_COLOR" />
        <option name="EFFECT_TYPE" value="0" />
        <option name="ERROR_STRIPE_COLOR" />
      </value>
    </option>
    <option name="CONSOLE_SYSTEM_OUTPUT">
      <value>
        <option name="FOREGROUND" value="808080" />
        <option name="BACKGROUND" />
        <option name="FONT_TYPE" value="0" />
        <option name="EFFECT_COLOR" />
        <option name="EFFECT_TYPE" value="0" />
        <option name="ERROR_STRIPE_COLOR" />
      </value>
    </option>
    <option name="CONSOLE_USER_INPUT">
      <value>
        <option name="FOREGROUND" value="f9f9f9" />
        <option name="BACKGROUND" />
        <option name="FONT_TYPE" value="2" />
        <option name="EFFECT_COLOR" />
        <option name="EFFECT_TYPE" value="0" />
        <option name="ERROR_STRIPE_COLOR" />
      </value>
    </option>
    <option name="CSS.COMMENT">
      <value>
        <option name="FOREGROUND" value="5f5a60" />
        <option name="BACKGROUND" />
        <option name="FONT_TYPE" value="2" />
        <option name="EFFECT_COLOR" />
        <option name="EFFECT_TYPE" value="0" />
        <option name="ERROR_STRIPE_COLOR" />
      </value>
    </option>
    <option name="CSS.FUNCTION">
      <value>
        <option name="FOREGROUND" value="9b703f" />
        <option name="BACKGROUND" />
        <option name="FONT_TYPE" value="0" />
        <option name="EFFECT_COLOR" />
        <option name="EFFECT_TYPE" value="0" />
        <option name="ERROR_STRIPE_COLOR" />
      </value>
    </option>
    <option name="CSS.IDENT">
      <value>
        <option name="FOREGROUND" value="8b98ab" />
        <option name="BACKGROUND" />
        <option name="FONT_TYPE" value="0" />
        <option name="EFFECT_COLOR" />
        <option name="EFFECT_TYPE" value="0" />
        <option name="ERROR_STRIPE_COLOR" />
      </value>
    </option>
    <option name="CSS.KEYWORD">
      <value>
        <option name="FOREGROUND" value="cda269" />
        <option name="BACKGROUND" />
        <option name="FONT_TYPE" value="0" />
        <option name="EFFECT_COLOR" />
        <option name="EFFECT_TYPE" value="1" />
        <option name="ERROR_STRIPE_COLOR" />
      </value>
    </option>
    <option name="CSS.NUMBER">
      <value>
        <option name="FOREGROUND" value="ca7840" />
        <option name="BACKGROUND" />
        <option name="FONT_TYPE" value="0" />
        <option name="EFFECT_COLOR" />
        <option name="EFFECT_TYPE" value="0" />
        <option name="ERROR_STRIPE_COLOR" />
      </value>
    </option>
    <option name="CSS.PROPERTY_NAME">
      <value>
        <option name="FOREGROUND" value="c5af75" />
        <option name="BACKGROUND" />
        <option name="FONT_TYPE" value="0" />
        <option name="EFFECT_COLOR" />
        <option name="EFFECT_TYPE" value="0" />
        <option name="ERROR_STRIPE_COLOR" />
      </value>
    </option>
    <option name="CSS.PROPERTY_VALUE">
      <value>
        <option name="FOREGROUND" value="f9ee98" />
        <option name="BACKGROUND" />
        <option name="FONT_TYPE" value="0" />
        <option name="EFFECT_COLOR" />
        <option name="EFFECT_TYPE" value="0" />
        <option name="ERROR_STRIPE_COLOR" />
      </value>
    </option>
    <option name="CSS.STRING">
      <value>
        <option name="FOREGROUND" value="8f9d6a" />
        <option name="BACKGROUND" />
        <option name="FONT_TYPE" value="0" />
        <option name="EFFECT_COLOR" />
        <option name="EFFECT_TYPE" value="0" />
        <option name="ERROR_STRIPE_COLOR" />
      </value>
    </option>
    <option name="CSS.TAG_NAME">
      <value>
        <option name="FOREGROUND" value="cda869" />
        <option name="BACKGROUND" />
        <option name="FONT_TYPE" value="0" />
        <option name="EFFECT_COLOR" />
        <option name="EFFECT_TYPE" value="0" />
        <option name="ERROR_STRIPE_COLOR" />
      </value>
    </option>
    <option name="CSS.URL">
      <value>
        <option name="FOREGROUND" value="8693a5" />
        <option name="BACKGROUND" />
        <option name="FONT_TYPE" value="0" />
        <option name="EFFECT_COLOR" />
        <option name="EFFECT_TYPE" value="0" />
        <option name="ERROR_STRIPE_COLOR" />
      </value>
    </option>
    <option name="CUSTOM_KEYWORD1_ATTRIBUTES">
      <value>
        <option name="FOREGROUND" value="f9ee98" />
        <option name="BACKGROUND" />
        <option name="FONT_TYPE" value="0" />
        <option name="EFFECT_COLOR" />
        <option name="EFFECT_TYPE" value="0" />
        <option name="ERROR_STRIPE_COLOR" />
      </value>
    </option>
    <option name="CUSTOM_KEYWORD2_ATTRIBUTES">
      <value>
        <option name="FOREGROUND" value="660e7a" />
        <option name="BACKGROUND" />
        <option name="FONT_TYPE" value="0" />
        <option name="EFFECT_COLOR" />
        <option name="EFFECT_TYPE" value="0" />
        <option name="ERROR_STRIPE_COLOR" />
      </value>
    </option>
    <option name="CUSTOM_KEYWORD3_ATTRIBUTES">
      <value>
        <option name="FOREGROUND" value="6666" />
        <option name="BACKGROUND" />
        <option name="FONT_TYPE" value="0" />
        <option name="EFFECT_COLOR" />
        <option name="EFFECT_TYPE" value="0" />
        <option name="ERROR_STRIPE_COLOR" />
      </value>
    </option>
    <option name="CUSTOM_KEYWORD4_ATTRIBUTES">
      <value>
        <option name="FOREGROUND" value="660000" />
        <option name="BACKGROUND" />
        <option name="FONT_TYPE" value="0" />
        <option name="EFFECT_COLOR" />
        <option name="EFFECT_TYPE" value="0" />
        <option name="ERROR_STRIPE_COLOR" />
      </value>
    </option>
    <option name="CUSTOM_MULTI_LINE_COMMENT_ATTRIBUTES">
      <value>
        <option name="FOREGROUND" value="726d73" />
        <option name="BACKGROUND" />
        <option name="FONT_TYPE" value="2" />
        <option name="EFFECT_COLOR" />
        <option name="EFFECT_TYPE" value="0" />
        <option name="ERROR_STRIPE_COLOR" />
      </value>
    </option>
    <option name="CUSTOM_NUMBER_ATTRIBUTES">
      <value>
        <option name="FOREGROUND" value="cf8160" />
        <option name="BACKGROUND" />
        <option name="FONT_TYPE" value="0" />
        <option name="EFFECT_COLOR" />
        <option name="EFFECT_TYPE" value="0" />
        <option name="ERROR_STRIPE_COLOR" />
      </value>
    </option>
    <option name="CUSTOM_STRING_ATTRIBUTES">
      <value>
        <option name="FOREGROUND" value="a0ae7d" />
        <option name="BACKGROUND" />
        <option name="FONT_TYPE" value="0" />
        <option name="EFFECT_COLOR" />
        <option name="EFFECT_TYPE" value="0" />
        <option name="ERROR_STRIPE_COLOR" />
      </value>
    </option>
    <option name="DIFF_CONFLICT">
      <value>
        <option name="FOREGROUND" />
        <option name="BACKGROUND" value="4a410d" />
        <option name="FONT_TYPE" value="0" />
        <option name="EFFECT_COLOR" />
        <option name="EFFECT_TYPE" value="0" />
        <option name="ERROR_STRIPE_COLOR" value="ffff00" />
      </value>
    </option>
    <option name="DIFF_DELETED">
      <value>
        <option name="FOREGROUND" />
        <option name="BACKGROUND" value="420e09" />
        <option name="FONT_TYPE" value="0" />
        <option name="EFFECT_COLOR" />
        <option name="EFFECT_TYPE" value="0" />
        <option name="ERROR_STRIPE_COLOR" value="ff0000" />
      </value>
    </option>
    <option name="DIFF_INSERTED">
      <value>
        <option name="FOREGROUND" />
        <option name="BACKGROUND" value="253b22" />
        <option name="FONT_TYPE" value="0" />
        <option name="EFFECT_COLOR" />
        <option name="EFFECT_TYPE" value="0" />
        <option name="ERROR_STRIPE_COLOR" value="2df32d" />
      </value>
    </option>
    <option name="DIFF_MODIFIED">
      <value>
        <option name="FOREGROUND" />
        <option name="BACKGROUND" value="e2231" />
        <option name="FONT_TYPE" value="0" />
        <option name="EFFECT_COLOR" />
        <option name="EFFECT_TYPE" value="0" />
        <option name="ERROR_STRIPE_COLOR" value="3471ff" />
      </value>
    </option>
    <option name="DJANGO_COMMENT">
      <value>
        <option name="FOREGROUND" value="5f5a60" />
        <option name="BACKGROUND" />
        <option name="FONT_TYPE" value="2" />
        <option name="EFFECT_COLOR" />
        <option name="EFFECT_TYPE" value="0" />
        <option name="ERROR_STRIPE_COLOR" />
      </value>
    </option>
    <option name="DJANGO_ID">
      <value>
        <option name="FOREGROUND" value="8f996a" />
        <option name="BACKGROUND" />
        <option name="FONT_TYPE" value="0" />
        <option name="EFFECT_COLOR" />
        <option name="EFFECT_TYPE" value="0" />
        <option name="ERROR_STRIPE_COLOR" />
      </value>
    </option>
    <option name="DJANGO_KEYWORD">
      <value>
        <option name="FOREGROUND" value="cda869" />
        <option name="BACKGROUND" />
        <option name="FONT_TYPE" value="0" />
        <option name="EFFECT_COLOR" />
        <option name="EFFECT_TYPE" value="0" />
        <option name="ERROR_STRIPE_COLOR" />
      </value>
    </option>
    <option name="DJANGO_NUMBER">
      <value>
        <option name="FOREGROUND" />
        <option name="BACKGROUND" />
        <option name="FONT_TYPE" value="0" />
        <option name="EFFECT_COLOR" />
        <option name="EFFECT_TYPE" value="0" />
        <option name="ERROR_STRIPE_COLOR" />
      </value>
    </option>
    <option name="DJANGO_STRING_LITERAL">
      <value>
        <option name="FOREGROUND" value="8f9d6a" />
        <option name="BACKGROUND" />
        <option name="FONT_TYPE" value="0" />
        <option name="EFFECT_COLOR" />
        <option name="EFFECT_TYPE" value="0" />
        <option name="ERROR_STRIPE_COLOR" />
      </value>
    </option>
    <option name="DJANGO_TAG_NAME">
      <value>
        <option name="FOREGROUND" value="cda869" />
        <option name="BACKGROUND" />
        <option name="FONT_TYPE" value="0" />
        <option name="EFFECT_COLOR" />
        <option name="EFFECT_TYPE" value="0" />
        <option name="ERROR_STRIPE_COLOR" />
      </value>
    </option>
    <option name="DJANGO_TAG_START_END">
      <value>
        <option name="FOREGROUND" value="9b5c2e" />
        <option name="BACKGROUND" />
        <option name="FONT_TYPE" value="0" />
        <option name="EFFECT_COLOR" />
        <option name="EFFECT_TYPE" value="0" />
        <option name="ERROR_STRIPE_COLOR" />
      </value>
    </option>
    <option name="DUPLICATE_FROM_SERVER">
      <value>
        <option name="FOREGROUND" />
        <option name="BACKGROUND" />
        <option name="FONT_TYPE" value="0" />
        <option name="EFFECT_COLOR" />
        <option name="EFFECT_TYPE" value="0" />
        <option name="ERROR_STRIPE_COLOR" />
      </value>
    </option>
    <option name="ERRORS_ATTRIBUTES">
      <value>
        <option name="FOREGROUND" />
        <option name="BACKGROUND" />
        <option name="FONT_TYPE" value="0" />
        <option name="EFFECT_COLOR" value="c9150a" />
        <option name="EFFECT_TYPE" value="2" />
        <option name="ERROR_STRIPE_COLOR" value="c9150a" />
      </value>
    </option>
    <option name="FOLDED_TEXT_ATTRIBUTES">
      <value>
        <option name="FOREGROUND" />
        <option name="BACKGROUND" value="353637" />
        <option name="FONT_TYPE" value="0" />
        <option name="EFFECT_COLOR" />
        <option name="EFFECT_TYPE" value="0" />
        <option name="ERROR_STRIPE_COLOR" />
      </value>
    </option>
    <option name="FOLLOWED_HYPERLINK_ATTRIBUTES">
      <value>
        <option name="FOREGROUND" value="afc4db" />
        <option name="BACKGROUND" />
        <option name="FONT_TYPE" value="2" />
        <option name="EFFECT_COLOR" value="afc4db" />
        <option name="EFFECT_TYPE" value="1" />
        <option name="ERROR_STRIPE_COLOR" />
      </value>
    </option>
    <option name="GQL_ID">
      <value>
        <option name="FOREGROUND" value="9b703f" />
        <option name="BACKGROUND" />
        <option name="FONT_TYPE" value="0" />
        <option name="EFFECT_COLOR" />
        <option name="EFFECT_TYPE" value="0" />
        <option name="ERROR_STRIPE_COLOR" />
      </value>
    </option>
    <option name="GQL_INT_LITERAL">
      <value>
        <option name="FOREGROUND" value="cf6a4c" />
        <option name="BACKGROUND" />
        <option name="FONT_TYPE" value="0" />
        <option name="EFFECT_COLOR" />
        <option name="EFFECT_TYPE" value="0" />
        <option name="ERROR_STRIPE_COLOR" />
      </value>
    </option>
    <option name="GQL_KEYWORD">
      <value>
        <option name="FOREGROUND" value="f9ee98" />
        <option name="BACKGROUND" />
        <option name="FONT_TYPE" value="0" />
        <option name="EFFECT_COLOR" />
        <option name="EFFECT_TYPE" value="0" />
        <option name="ERROR_STRIPE_COLOR" />
      </value>
    </option>
    <option name="GQL_STRING_LITERAL">
      <value>
        <option name="FOREGROUND" value="8f9d6a" />
        <option name="BACKGROUND" />
        <option name="FONT_TYPE" value="0" />
        <option name="EFFECT_COLOR" />
        <option name="EFFECT_TYPE" value="0" />
        <option name="ERROR_STRIPE_COLOR" />
      </value>
    </option>
    <option name="HTML_ATTRIBUTE_NAME">
      <value>
        <option name="FOREGROUND" value="9b703f" />
        <option name="BACKGROUND" />
        <option name="FONT_TYPE" value="0" />
        <option name="EFFECT_COLOR" />
        <option name="EFFECT_TYPE" value="0" />
        <option name="ERROR_STRIPE_COLOR" />
      </value>
    </option>
    <option name="HTML_ATTRIBUTE_VALUE">
      <value>
        <option name="FOREGROUND" value="8f9d6a" />
        <option name="BACKGROUND" />
        <option name="FONT_TYPE" value="0" />
        <option name="EFFECT_COLOR" />
        <option name="EFFECT_TYPE" value="0" />
        <option name="ERROR_STRIPE_COLOR" />
      </value>
    </option>
    <option name="HTML_COMMENT">
      <value>
        <option name="FOREGROUND" value="5f5a60" />
        <option name="BACKGROUND" />
        <option name="FONT_TYPE" value="2" />
        <option name="EFFECT_COLOR" />
        <option name="EFFECT_TYPE" value="0" />
        <option name="ERROR_STRIPE_COLOR" />
      </value>
    </option>
    <option name="HTML_ENTITY_REFERENCE">
      <value>
        <option name="FOREGROUND" value="cf6a4c" />
        <option name="BACKGROUND" />
        <option name="FONT_TYPE" value="0" />
        <option name="EFFECT_COLOR" />
        <option name="EFFECT_TYPE" value="0" />
        <option name="ERROR_STRIPE_COLOR" />
      </value>
    </option>
    <option name="HTML_TAG">
      <value>
        <option name="FOREGROUND" value="9b703f" />
        <option name="BACKGROUND" />
        <option name="FONT_TYPE" value="0" />
        <option name="EFFECT_COLOR" />
        <option name="EFFECT_TYPE" value="0" />
        <option name="ERROR_STRIPE_COLOR" />
      </value>
    </option>
    <option name="HTML_TAG_NAME">
      <value>
        <option name="FOREGROUND" value="9b703f" />
        <option name="BACKGROUND" />
        <option name="FONT_TYPE" value="0" />
        <option name="EFFECT_COLOR" />
        <option name="EFFECT_TYPE" value="0" />
        <option name="ERROR_STRIPE_COLOR" />
      </value>
    </option>
    <option name="HYPERLINK_ATTRIBUTES">
      <value>
        <option name="FOREGROUND" value="afc4e2" />
        <option name="BACKGROUND" />
        <option name="FONT_TYPE" value="2" />
        <option name="EFFECT_COLOR" value="afc4db" />
        <option name="EFFECT_TYPE" value="1" />
        <option name="ERROR_STRIPE_COLOR" />
      </value>
    </option>
    <option name="IDENTIFIER_UNDER_CARET_ATTRIBUTES">
      <value>
        <option name="FOREGROUND" />
        <option name="BACKGROUND" value="323537" />
        <option name="FONT_TYPE" value="0" />
        <option name="EFFECT_COLOR" />
        <option name="EFFECT_TYPE" value="0" />
        <option name="ERROR_STRIPE_COLOR" />
      </value>
    </option>
    <option name="INJECTED_LANGUAGE_FRAGMENT">
      <value>
        <option name="FOREGROUND" value="8f9d6a" />
        <option name="BACKGROUND" />
        <option name="FONT_TYPE" value="0" />
        <option name="EFFECT_COLOR" />
        <option name="EFFECT_TYPE" value="0" />
        <option name="ERROR_STRIPE_COLOR" />
      </value>
    </option>
    <option name="JS.ATTRIBUTE">
      <value>
        <option name="FOREGROUND" />
        <option name="BACKGROUND" />
        <option name="FONT_TYPE" value="0" />
        <option name="EFFECT_COLOR" />
        <option name="EFFECT_TYPE" value="-1" />
        <option name="ERROR_STRIPE_COLOR" />
      </value>
    </option>
    <option name="JS.BADCHARACTER">
      <value>
        <option name="FOREGROUND" />
        <option name="BACKGROUND" />
        <option name="FONT_TYPE" value="0" />
        <option name="EFFECT_COLOR" value="c9150a" />
        <option name="EFFECT_TYPE" value="2" />
        <option name="ERROR_STRIPE_COLOR" />
      </value>
    </option>
    <option name="JS.BLOCK_COMMENT">
      <value>
        <option name="FOREGROUND" value="5f5a60" />
        <option name="BACKGROUND" />
        <option name="FONT_TYPE" value="2" />
        <option name="EFFECT_COLOR" />
        <option name="EFFECT_TYPE" value="0" />
        <option name="ERROR_STRIPE_COLOR" />
      </value>
    </option>
    <option name="JS.DOC_COMMENT">
      <value>
        <option name="FOREGROUND" value="5f5a60" />
        <option name="BACKGROUND" />
        <option name="FONT_TYPE" value="2" />
        <option name="EFFECT_COLOR" />
        <option name="EFFECT_TYPE" value="0" />
        <option name="ERROR_STRIPE_COLOR" />
      </value>
    </option>
    <option name="JS.DOC_MARKUP">
      <value>
        <option name="FOREGROUND" />
        <option name="BACKGROUND" />
        <option name="FONT_TYPE" value="0" />
        <option name="EFFECT_COLOR" />
        <option name="EFFECT_TYPE" value="0" />
        <option name="ERROR_STRIPE_COLOR" />
      </value>
    </option>
    <option name="JS.DOC_TAG">
      <value>
        <option name="FOREGROUND" />
        <option name="BACKGROUND" />
        <option name="FONT_TYPE" value="0" />
        <option name="EFFECT_COLOR" value="808080" />
        <option name="EFFECT_TYPE" value="1" />
        <option name="ERROR_STRIPE_COLOR" />
      </value>
    </option>
    <option name="JS.GLOBAL_FUNCTION">
      <value>
        <option name="FOREGROUND" value="9b859d" />
        <option name="BACKGROUND" />
        <option name="FONT_TYPE" value="2" />
        <option name="EFFECT_COLOR" />
        <option name="EFFECT_TYPE" value="0" />
        <option name="ERROR_STRIPE_COLOR" />
      </value>
    </option>
    <option name="JS.GLOBAL_VARIABLE">
      <value>
        <option name="FOREGROUND" />
        <option name="BACKGROUND" />
        <option name="FONT_TYPE" value="0" />
        <option name="EFFECT_COLOR" />
        <option name="EFFECT_TYPE" value="0" />
        <option name="ERROR_STRIPE_COLOR" />
      </value>
    </option>
    <option name="JS.INSTANCE_MEMBER_FUNCTION">
      <value>
        <option name="FOREGROUND" value="cf8160" />
        <option name="BACKGROUND" />
        <option name="FONT_TYPE" value="0" />
        <option name="EFFECT_COLOR" />
        <option name="EFFECT_TYPE" value="-1" />
        <option name="ERROR_STRIPE_COLOR" />
      </value>
    </option>
    <option name="JS.INSTANCE_MEMBER_VARIABLE">
      <value>
        <option name="FOREGROUND" />
        <option name="BACKGROUND" />
        <option name="FONT_TYPE" value="0" />
        <option name="EFFECT_COLOR" />
        <option name="EFFECT_TYPE" value="0" />
        <option name="ERROR_STRIPE_COLOR" />
      </value>
    </option>
    <option name="JS.INVALID_STRING_ESCAPE">
      <value>
        <option name="FOREGROUND" />
        <option name="BACKGROUND" value="452745" />
        <option name="FONT_TYPE" value="0" />
        <option name="EFFECT_COLOR" />
        <option name="EFFECT_TYPE" value="2" />
        <option name="ERROR_STRIPE_COLOR" />
      </value>
    </option>
    <option name="JS.KEYWORD">
      <value>
        <option name="FOREGROUND" value="f9ee98" />
        <option name="BACKGROUND" />
        <option name="FONT_TYPE" value="0" />
        <option name="EFFECT_COLOR" />
        <option name="EFFECT_TYPE" value="0" />
        <option name="ERROR_STRIPE_COLOR" />
      </value>
    </option>
    <option name="JS.LINE_COMMENT">
      <value>
        <option name="FOREGROUND" value="5f5a60" />
        <option name="BACKGROUND" />
        <option name="FONT_TYPE" value="2" />
        <option name="EFFECT_COLOR" />
        <option name="EFFECT_TYPE" value="0" />
        <option name="ERROR_STRIPE_COLOR" />
      </value>
    </option>
    <option name="JS.LOCAL_VARIABLE">
      <value>
        <option name="FOREGROUND" />
        <option name="BACKGROUND" />
        <option name="FONT_TYPE" value="0" />
        <option name="EFFECT_COLOR" />
        <option name="EFFECT_TYPE" value="-1" />
        <option name="ERROR_STRIPE_COLOR" />
      </value>
    </option>
    <option name="JS.NUMBER">
      <value>
        <option name="FOREGROUND" value="cf8160" />
        <option name="BACKGROUND" />
        <option name="FONT_TYPE" value="0" />
        <option name="EFFECT_COLOR" />
        <option name="EFFECT_TYPE" value="0" />
        <option name="ERROR_STRIPE_COLOR" />
      </value>
    </option>
    <option name="JS.OPERATION_SIGN">
      <value>
        <option name="FOREGROUND" value="cda869" />
        <option name="BACKGROUND" />
        <option name="FONT_TYPE" value="0" />
        <option name="EFFECT_COLOR" />
        <option name="EFFECT_TYPE" value="0" />
        <option name="ERROR_STRIPE_COLOR" />
      </value>
    </option>
    <option name="JS.PARAMETER">
      <value>
        <option name="FOREGROUND" value="7587a6" />
        <option name="BACKGROUND" />
        <option name="FONT_TYPE" value="0" />
        <option name="EFFECT_COLOR" />
        <option name="EFFECT_TYPE" value="1" />
        <option name="ERROR_STRIPE_COLOR" />
      </value>
    </option>
    <option name="JS.REGEXP">
      <value>
        <option name="FOREGROUND" value="e7ce76" />
        <option name="BACKGROUND" />
        <option name="FONT_TYPE" value="0" />
        <option name="EFFECT_COLOR" />
        <option name="EFFECT_TYPE" value="-1" />
        <option name="ERROR_STRIPE_COLOR" />
      </value>
    </option>
    <option name="JS.STATIC_MEMBER_FUNCTION">
      <value>
        <option name="FOREGROUND" value="cf8160" />
        <option name="BACKGROUND" />
        <option name="FONT_TYPE" value="0" />
        <option name="EFFECT_COLOR" />
        <option name="EFFECT_TYPE" value="0" />
        <option name="ERROR_STRIPE_COLOR" />
      </value>
    </option>
    <option name="JS.STATIC_MEMBER_VARIABLE">
      <value>
        <option name="FOREGROUND" />
        <option name="BACKGROUND" />
        <option name="FONT_TYPE" value="3" />
        <option name="EFFECT_COLOR" />
        <option name="EFFECT_TYPE" value="0" />
        <option name="ERROR_STRIPE_COLOR" />
      </value>
    </option>
    <option name="JS.STRING">
      <value>
        <option name="FOREGROUND" value="8f9d6a" />
        <option name="BACKGROUND" />
        <option name="FONT_TYPE" value="0" />
        <option name="EFFECT_COLOR" />
        <option name="EFFECT_TYPE" value="0" />
        <option name="ERROR_STRIPE_COLOR" />
      </value>
    </option>
    <option name="JS.VALID_STRING_ESCAPE">
      <value>
        <option name="FOREGROUND" />
        <option name="BACKGROUND" />
        <option name="FONT_TYPE" value="0" />
        <option name="EFFECT_COLOR" />
        <option name="EFFECT_TYPE" value="0" />
        <option name="ERROR_STRIPE_COLOR" />
      </value>
    </option>
    <option name="LESS_VARIABLE">
      <value>
        <option name="FOREGROUND" value="9b859d" />
        <option name="BACKGROUND" />
        <option name="FONT_TYPE" value="0" />
        <option name="EFFECT_COLOR" />
        <option name="EFFECT_TYPE" value="0" />
        <option name="ERROR_STRIPE_COLOR" />
      </value>
    </option>
    <option name="PY.BUILTIN_NAME">
      <value>
        <option name="FOREGROUND" value="cf6a4c" />
        <option name="BACKGROUND" />
        <option name="FONT_TYPE" value="0" />
        <option name="EFFECT_COLOR" />
        <option name="EFFECT_TYPE" value="-1" />
        <option name="ERROR_STRIPE_COLOR" />
      </value>
    </option>
    <option name="PY.CLASS_DEFINITION">
      <value>
        <option name="FOREGROUND" value="9b703f" />
        <option name="BACKGROUND" />
        <option name="FONT_TYPE" value="0" />
        <option name="EFFECT_COLOR" />
        <option name="EFFECT_TYPE" value="-1" />
        <option name="ERROR_STRIPE_COLOR" />
      </value>
    </option>
    <option name="PY.DECORATOR">
      <value>
        <option name="FOREGROUND" value="9b703f" />
        <option name="BACKGROUND" />
        <option name="FONT_TYPE" value="0" />
        <option name="EFFECT_COLOR" />
        <option name="EFFECT_TYPE" value="-1" />
        <option name="ERROR_STRIPE_COLOR" />
      </value>
    </option>
    <option name="PY.DOC_COMMENT">
      <value>
        <option name="FOREGROUND" value="8f9d6a" />
        <option name="BACKGROUND" />
        <option name="FONT_TYPE" value="0" />
        <option name="EFFECT_COLOR" />
        <option name="EFFECT_TYPE" value="0" />
        <option name="ERROR_STRIPE_COLOR" />
      </value>
    </option>
    <option name="PY.FUNC_DEFINITION">
      <value>
        <option name="FOREGROUND" value="9b703f" />
        <option name="BACKGROUND" />
        <option name="FONT_TYPE" value="0" />
        <option name="EFFECT_COLOR" />
        <option name="EFFECT_TYPE" value="-1" />
        <option name="ERROR_STRIPE_COLOR" />
      </value>
    </option>
    <option name="PY.INVALID_STRING_ESCAPE">
      <value>
        <option name="FOREGROUND" value="f9f9f9" />
        <option name="BACKGROUND" value="452745" />
        <option name="FONT_TYPE" value="0" />
        <option name="EFFECT_COLOR" />
        <option name="EFFECT_TYPE" value="0" />
        <option name="ERROR_STRIPE_COLOR" />
      </value>
    </option>
    <option name="PY.KEYWORD">
      <value>
        <option name="FOREGROUND" value="f9ee98" />
        <option name="BACKGROUND" />
        <option name="FONT_TYPE" value="0" />
        <option name="EFFECT_COLOR" />
        <option name="EFFECT_TYPE" value="0" />
        <option name="ERROR_STRIPE_COLOR" />
      </value>
    </option>
    <option name="PY.LINE_COMMENT">
      <value>
        <option name="FOREGROUND" value="5f5a60" />
        <option name="BACKGROUND" />
        <option name="FONT_TYPE" value="2" />
        <option name="EFFECT_COLOR" />
        <option name="EFFECT_TYPE" value="0" />
        <option name="ERROR_STRIPE_COLOR" />
      </value>
    </option>
    <option name="PY.NUMBER">
      <value>
        <option name="FOREGROUND" value="cf6a4c" />
        <option name="BACKGROUND" />
        <option name="FONT_TYPE" value="0" />
        <option name="EFFECT_COLOR" />
        <option name="EFFECT_TYPE" value="0" />
        <option name="ERROR_STRIPE_COLOR" />
      </value>
    </option>
    <option name="PY.OPERATION_SIGN">
      <value>
        <option name="FOREGROUND" value="cda869" />
        <option name="BACKGROUND" />
        <option name="FONT_TYPE" value="0" />
        <option name="EFFECT_COLOR" />
        <option name="EFFECT_TYPE" value="1" />
        <option name="ERROR_STRIPE_COLOR" />
      </value>
    </option>
    <option name="PY.PREDEFINED_DEFINITION">
      <value>
        <option name="FOREGROUND" value="afc4db" />
        <option name="BACKGROUND" />
        <option name="FONT_TYPE" value="0" />
        <option name="EFFECT_COLOR" />
        <option name="EFFECT_TYPE" value="-1" />
        <option name="ERROR_STRIPE_COLOR" />
      </value>
    </option>
    <option name="PY.PREDEFINED_USAGE">
      <value>
        <option name="FOREGROUND" value="afc4db" />
        <option name="BACKGROUND" />
        <option name="FONT_TYPE" value="0" />
        <option name="EFFECT_COLOR" />
        <option name="EFFECT_TYPE" value="-1" />
        <option name="ERROR_STRIPE_COLOR" />
      </value>
    </option>
    <option name="PY.STRING">
      <value>
        <option name="FOREGROUND" value="8f9d6a" />
        <option name="BACKGROUND" />
        <option name="FONT_TYPE" value="0" />
        <option name="EFFECT_COLOR" />
        <option name="EFFECT_TYPE" value="0" />
        <option name="ERROR_STRIPE_COLOR" />
      </value>
    </option>
    <option name="PY.VALID_STRING_ESCAPE">
      <value>
        <option name="FOREGROUND" />
        <option name="BACKGROUND" />
        <option name="FONT_TYPE" value="0" />
        <option name="EFFECT_COLOR" />
        <option name="EFFECT_TYPE" value="0" />
        <option name="ERROR_STRIPE_COLOR" />
      </value>
    </option>
    <option name="REGEXP.BRACES">
      <value>
        <option name="FOREGROUND" value="cda869" />
        <option name="BACKGROUND" />
        <option name="FONT_TYPE" value="0" />
        <option name="EFFECT_COLOR" />
        <option name="EFFECT_TYPE" value="0" />
        <option name="ERROR_STRIPE_COLOR" />
      </value>
    </option>
    <option name="REGEXP.BRACKETS">
      <value>
        <option name="FOREGROUND" value="daefa3" />
        <option name="BACKGROUND" />
        <option name="FONT_TYPE" value="0" />
        <option name="EFFECT_COLOR" />
        <option name="EFFECT_TYPE" value="0" />
        <option name="ERROR_STRIPE_COLOR" />
      </value>
    </option>
    <option name="REGEXP.ESC_CHARACTER">
      <value>
        <option name="FOREGROUND" value="daefa3" />
        <option name="BACKGROUND" />
        <option name="FONT_TYPE" value="1" />
        <option name="EFFECT_COLOR" />
        <option name="EFFECT_TYPE" value="0" />
        <option name="ERROR_STRIPE_COLOR" />
      </value>
    </option>
    <option name="REGEXP.META">
      <value>
        <option name="FOREGROUND" value="cda869" />
        <option name="BACKGROUND" />
        <option name="FONT_TYPE" value="1" />
        <option name="EFFECT_COLOR" />
        <option name="EFFECT_TYPE" value="0" />
        <option name="ERROR_STRIPE_COLOR" />
      </value>
    </option>
    <option name="REGEXP.PARENTHS">
      <value>
        <option name="FOREGROUND" value="8f9d6a" />
        <option name="BACKGROUND" />
        <option name="FONT_TYPE" value="0" />
        <option name="EFFECT_COLOR" />
        <option name="EFFECT_TYPE" value="0" />
        <option name="ERROR_STRIPE_COLOR" />
      </value>
    </option>
    <option name="SASS_ATTRIBUTE">
      <value>
        <option name="FOREGROUND" value="c5af75" />
        <option name="BACKGROUND" />
        <option name="FONT_TYPE" value="0" />
        <option name="EFFECT_COLOR" />
        <option name="EFFECT_TYPE" value="0" />
        <option name="ERROR_STRIPE_COLOR" />
      </value>
    </option>
    <option name="SASS_COMMENT">
      <value>
        <option name="FOREGROUND" value="5a5f60" />
        <option name="BACKGROUND" />
        <option name="FONT_TYPE" value="2" />
        <option name="EFFECT_COLOR" />
        <option name="EFFECT_TYPE" value="0" />
        <option name="ERROR_STRIPE_COLOR" />
      </value>
    </option>
    <option name="SASS_CONSTANT">
      <value>
        <option name="FOREGROUND" value="cf6a4c" />
        <option name="BACKGROUND" />
        <option name="FONT_TYPE" value="0" />
        <option name="EFFECT_COLOR" />
        <option name="EFFECT_TYPE" value="0" />
        <option name="ERROR_STRIPE_COLOR" />
      </value>
    </option>
    <option name="SASS_DIRECTIVE">
      <value>
        <option name="FOREGROUND" value="8d6c8f" />
        <option name="BACKGROUND" />
        <option name="FONT_TYPE" value="0" />
        <option name="EFFECT_COLOR" />
        <option name="EFFECT_TYPE" value="0" />
        <option name="ERROR_STRIPE_COLOR" />
      </value>
    </option>
    <option name="SASS_MIXIN">
      <value>
        <option name="FOREGROUND" value="afc4db" />
        <option name="BACKGROUND" />
        <option name="FONT_TYPE" value="0" />
        <option name="EFFECT_COLOR" />
        <option name="EFFECT_TYPE" value="0" />
        <option name="ERROR_STRIPE_COLOR" />
      </value>
    </option>
    <option name="SASS_NUMBER">
      <value>
        <option name="FOREGROUND" value="ca7840" />
        <option name="BACKGROUND" />
        <option name="FONT_TYPE" value="0" />
        <option name="EFFECT_COLOR" />
        <option name="EFFECT_TYPE" value="0" />
        <option name="ERROR_STRIPE_COLOR" />
      </value>
    </option>
    <option name="SASS_RULE">
      <value>
        <option name="FOREGROUND" value="8c98b5" />
        <option name="BACKGROUND" />
        <option name="FONT_TYPE" value="0" />
        <option name="EFFECT_COLOR" />
        <option name="EFFECT_TYPE" value="0" />
        <option name="ERROR_STRIPE_COLOR" />
      </value>
    </option>
    <option name="SASS_STRING">
      <value>
        <option name="FOREGROUND" value="8f9d6a" />
        <option name="BACKGROUND" />
        <option name="FONT_TYPE" value="0" />
        <option name="EFFECT_COLOR" />
        <option name="EFFECT_TYPE" value="0" />
        <option name="ERROR_STRIPE_COLOR" />
      </value>
    </option>
    <option name="SCOPE_KEY_All">
      <value>
        <option name="FOREGROUND" />
        <option name="BACKGROUND" />
        <option name="FONT_TYPE" value="0" />
        <option name="EFFECT_COLOR" />
        <option name="EFFECT_TYPE" value="0" />
        <option name="ERROR_STRIPE_COLOR" />
      </value>
    </option>
    <option name="SCOPE_KEY_Non-Project Files">
      <value>
        <option name="FOREGROUND" />
        <option name="BACKGROUND" />
        <option name="FONT_TYPE" value="0" />
        <option name="EFFECT_COLOR" />
        <option name="EFFECT_TYPE" value="0" />
        <option name="ERROR_STRIPE_COLOR" />
      </value>
    </option>
    <option name="SCOPE_KEY_Problems">
      <value>
        <option name="FOREGROUND" />
        <option name="BACKGROUND" />
        <option name="FONT_TYPE" value="0" />
        <option name="EFFECT_COLOR" />
        <option name="EFFECT_TYPE" value="0" />
        <option name="ERROR_STRIPE_COLOR" />
      </value>
    </option>
    <option name="SCOPE_KEY_Project Files">
      <value>
        <option name="FOREGROUND" />
        <option name="BACKGROUND" />
        <option name="FONT_TYPE" value="0" />
        <option name="EFFECT_COLOR" />
        <option name="EFFECT_TYPE" value="0" />
        <option name="ERROR_STRIPE_COLOR" />
      </value>
    </option>
    <option name="SCOPE_KEY_Tests">
      <value>
        <option name="FOREGROUND" />
        <option name="BACKGROUND" />
        <option name="FONT_TYPE" value="0" />
        <option name="EFFECT_COLOR" />
        <option name="EFFECT_TYPE" value="0" />
        <option name="ERROR_STRIPE_COLOR" />
      </value>
    </option>
    <option name="SEARCH_RESULT_ATTRIBUTES">
      <value>
        <option name="FOREGROUND" value="f9f9f9" />
        <option name="BACKGROUND" value="526da5" />
        <option name="FONT_TYPE" value="0" />
        <option name="EFFECT_COLOR" />
        <option name="EFFECT_TYPE" value="0" />
        <option name="ERROR_STRIPE_COLOR" />
      </value>
    </option>
    <option name="TEXT">
      <value>
        <option name="FOREGROUND" value="f9f9f9" />
        <option name="BACKGROUND" value="141414" />
        <option name="FONT_TYPE" value="0" />
        <option name="EFFECT_COLOR" />
        <option name="EFFECT_TYPE" value="1" />
        <option name="ERROR_STRIPE_COLOR" />
      </value>
    </option>
    <option name="TEXT_SEARCH_RESULT_ATTRIBUTES">
      <value>
        <option name="FOREGROUND" />
        <option name="BACKGROUND" value="323537" />
        <option name="FONT_TYPE" value="0" />
        <option name="EFFECT_COLOR" />
        <option name="EFFECT_TYPE" value="0" />
        <option name="ERROR_STRIPE_COLOR" value="ff00" />
      </value>
    </option>
    <option name="TODO_DEFAULT_ATTRIBUTES">
      <value>
        <option name="FOREGROUND" value="9b859d" />
        <option name="BACKGROUND" />
        <option name="FONT_TYPE" value="3" />
        <option name="EFFECT_COLOR" />
        <option name="EFFECT_TYPE" value="0" />
        <option name="ERROR_STRIPE_COLOR" value="ff" />
      </value>
    </option>
    <option name="WARNING_ATTRIBUTES">
      <value>
        <option name="FOREGROUND" />
        <option name="BACKGROUND" />
        <option name="FONT_TYPE" value="0" />
        <option name="EFFECT_COLOR" value="b5b50a" />
        <option name="EFFECT_TYPE" value="2" />
        <option name="ERROR_STRIPE_COLOR" />
      </value>
    </option>
    <option name="WRITE_IDENTIFIER_UNDER_CARET_ATTRIBUTES">
      <value>
        <option name="FOREGROUND" value="ffffff" />
        <option name="BACKGROUND" value="323537" />
        <option name="FONT_TYPE" value="0" />
        <option name="EFFECT_COLOR" />
        <option name="EFFECT_TYPE" value="0" />
        <option name="ERROR_STRIPE_COLOR" />
      </value>
    </option>
    <option name="WRITE_SEARCH_RESULT_ATTRIBUTES">
      <value>
        <option name="FOREGROUND" />
        <option name="BACKGROUND" value="526da5" />
        <option name="FONT_TYPE" value="0" />
        <option name="EFFECT_COLOR" />
        <option name="EFFECT_TYPE" value="0" />
        <option name="ERROR_STRIPE_COLOR" />
      </value>
    </option>
    <option name="WRONG_REFERENCES_ATTRIBUTES">
      <value>
        <option name="FOREGROUND" value="c9150a" />
        <option name="BACKGROUND" />
        <option name="FONT_TYPE" value="0" />
        <option name="EFFECT_COLOR" />
        <option name="EFFECT_TYPE" value="0" />
        <option name="ERROR_STRIPE_COLOR" />
      </value>
    </option>
    <option name="XML_ATTRIBUTE_NAME">
      <value>
        <option name="FOREGROUND" value="cda869" />
        <option name="BACKGROUND" />
        <option name="FONT_TYPE" value="0" />
        <option name="EFFECT_COLOR" />
        <option name="EFFECT_TYPE" value="0" />
        <option name="ERROR_STRIPE_COLOR" />
      </value>
    </option>
    <option name="XML_ATTRIBUTE_VALUE">
      <value>
        <option name="FOREGROUND" value="8f9d6a" />
        <option name="BACKGROUND" />
        <option name="FONT_TYPE" value="0" />
        <option name="EFFECT_COLOR" />
        <option name="EFFECT_TYPE" value="0" />
        <option name="ERROR_STRIPE_COLOR" />
      </value>
    </option>
    <option name="XML_COMMENT">
      <value>
        <option name="FOREGROUND" value="5f5a60" />
        <option name="BACKGROUND" />
        <option name="FONT_TYPE" value="2" />
        <option name="EFFECT_COLOR" />
        <option name="EFFECT_TYPE" value="0" />
        <option name="ERROR_STRIPE_COLOR" />
      </value>
    </option>
    <option name="XML_ENTITY_REFERENCE">
      <value>
        <option name="FOREGROUND" value="cf6a4c" />
        <option name="BACKGROUND" />
        <option name="FONT_TYPE" value="0" />
        <option name="EFFECT_COLOR" />
        <option name="EFFECT_TYPE" value="0" />
        <option name="ERROR_STRIPE_COLOR" />
      </value>
    </option>
    <option name="XML_PROLOGUE">
      <value>
        <option name="FOREGROUND" value="f9ee98" />
        <option name="BACKGROUND" />
        <option name="FONT_TYPE" value="2" />
        <option name="EFFECT_COLOR" />
        <option name="EFFECT_TYPE" value="0" />
        <option name="ERROR_STRIPE_COLOR" />
      </value>
    </option>
    <option name="XML_TAG">
      <value>
        <option name="FOREGROUND" value="9b703f" />
        <option name="BACKGROUND" />
        <option name="FONT_TYPE" value="0" />
        <option name="EFFECT_COLOR" />
        <option name="EFFECT_TYPE" value="0" />
        <option name="ERROR_STRIPE_COLOR" />
      </value>
    </option>
    <option name="XML_TAG_DATA">
      <value>
        <option name="FOREGROUND" />
        <option name="BACKGROUND" />
        <option name="FONT_TYPE" value="0" />
        <option name="EFFECT_COLOR" />
        <option name="EFFECT_TYPE" value="0" />
        <option name="ERROR_STRIPE_COLOR" />
      </value>
    </option>
    <option name="XML_TAG_NAME">
      <value>
        <option name="FOREGROUND" value="9b703f" />
        <option name="BACKGROUND" />
        <option name="FONT_TYPE" value="0" />
        <option name="EFFECT_COLOR" />
        <option name="EFFECT_TYPE" value="0" />
        <option name="ERROR_STRIPE_COLOR" />
      </value>
    </option>
    <option name="YAML_COMMENT">
      <value>
        <option name="FOREGROUND" value="5f5a60" />
        <option name="BACKGROUND" />
        <option name="FONT_TYPE" value="2" />
        <option name="EFFECT_COLOR" />
        <option name="EFFECT_TYPE" value="0" />
        <option name="ERROR_STRIPE_COLOR" />
      </value>
    </option>
    <option name="YAML_SCALAR_DSTRING">
      <value>
        <option name="FOREGROUND" value="8f9d6a" />
        <option name="BACKGROUND" />
        <option name="FONT_TYPE" value="0" />
        <option name="EFFECT_COLOR" />
        <option name="EFFECT_TYPE" value="0" />
        <option name="ERROR_STRIPE_COLOR" />
      </value>
    </option>
    <option name="YAML_SCALAR_KEY">
      <value>
        <option name="FOREGROUND" value="9b703f" />
        <option name="BACKGROUND" />
        <option name="FONT_TYPE" value="0" />
        <option name="EFFECT_COLOR" />
        <option name="EFFECT_TYPE" value="0" />
        <option name="ERROR_STRIPE_COLOR" />
      </value>
    </option>
    <option name="YAML_SCALAR_LIST">
      <value>
        <option name="FOREGROUND" value="f9ee98" />
        <option name="BACKGROUND" />
        <option name="FONT_TYPE" value="0" />
        <option name="EFFECT_COLOR" />
        <option name="EFFECT_TYPE" value="0" />
        <option name="ERROR_STRIPE_COLOR" />
      </value>
    </option>
    <option name="YAML_SCALAR_STRING">
      <value>
        <option name="FOREGROUND" value="8f9d6a" />
        <option name="BACKGROUND" />
        <option name="FONT_TYPE" value="0" />
        <option name="EFFECT_COLOR" />
        <option name="EFFECT_TYPE" value="0" />
        <option name="ERROR_STRIPE_COLOR" />
      </value>
    </option>
    <option name="YAML_SCALAR_VALUE">
      <value>
        <option name="FOREGROUND" value="a0ae7d" />
        <option name="BACKGROUND" />
        <option name="FONT_TYPE" value="0" />
        <option name="EFFECT_COLOR" />
        <option name="EFFECT_TYPE" value="0" />
        <option name="ERROR_STRIPE_COLOR" />
      </value>
    </option>
    <option name="YAML_TEXT">
      <value>
        <option name="FOREGROUND" value="a0ae7d" />
        <option name="BACKGROUND" />
        <option name="FONT_TYPE" value="0" />
        <option name="EFFECT_COLOR" />
        <option name="EFFECT_TYPE" value="0" />
        <option name="ERROR_STRIPE_COLOR" />
      </value>
    </option>
  </attributes>
</scheme>

