<?xml version="1.0" encoding="UTF-8"?>
<scheme name="Twilight2" version="1" parent_scheme="Default">
  <option name="LINE_SPACING" value="1.0" />
  <option name="EDITOR_FONT_SIZE" value="14" />
  <option name="EDITOR_FONT_NAME" value="Monaco" />
  <colors>
    <option name="CARET_COLOR" value="a7a7a7" />
    <option name="CARET_ROW_COLOR" value="1b1b1b" />
    <option name="CONSOLE_BACKGROUND_KEY" value="141414" />
    <option name="INDENT_GUIDE" value="ffffff" />
    <option name="SELECTION_BACKGROUND" value="3c3f42" />
    <option name="WHITESPACES" value="ffffff" />
  </colors>
  <attributes>
    <option name="BAD_CHARACTER">
      <value>
        <option name="FOREGROUND" value="d2a8a1" />
        <option name="BACKGROUND" />
        <option name="FONT_TYPE" value="2" />
        <option name="EFFECT_COLOR" value="d2a8a1" />
        <option name="EFFECT_TYPE" value="1" />
        <option name="ERROR_STRIPE_COLOR" />
      </value>
    </option>
    <option name="BREAKPOINT_ATTRIBUTES">
      <value>
        <option name="FOREGROUND" />
        <option name="BACKGROUND" value="743d3d" />
        <option name="FONT_TYPE" value="0" />
        <option name="EFFECT_COLOR" />
        <option name="EFFECT_TYPE" value="0" />
        <option name="ERROR_STRIPE_COLOR" />
      </value>
    </option>
    <option name="BUILDOUT.KEY">
      <value>
        <option name="FOREGROUND" value="cda869" />
        <option name="BACKGROUND" />
        <option name="FONT_TYPE" value="0" />
        <option name="EFFECT_COLOR" />
        <option name="EFFECT_TYPE" value="0" />
        <option name="ERROR_STRIPE_COLOR" />
      </value>
    </option>
    <option name="BUILDOUT.KEY_VALUE_SEPARATOR">
      <value>
        <option name="FOREGROUND" value="afc4db" />
        <option name="BACKGROUND" />
        <option name="FONT_TYPE" value="0" />
        <option name="EFFECT_COLOR" />
        <option name="EFFECT_TYPE" value="0" />
        <option name="ERROR_STRIPE_COLOR" />
      </value>
    </option>
    <option name="BUILDOUT.LINE_COMMENT">
      <value>
        <option name="FOREGROUND" value="5f5a60" />
        <option name="BACKGROUND" />
        <option name="FONT_TYPE" value="2" />
        <option name="EFFECT_COLOR" />
        <option name="EFFECT_TYPE" value="0" />
        <option name="ERROR_STRIPE_COLOR" />
      </value>
    </option>
    <option name="BUILDOUT.SECTION_NAME">
      <value>
        <option name="FOREGROUND" value="ca7840" />
        <option name="BACKGROUND" />
        <option name="FONT_TYPE" value="0" />
        <option name="EFFECT_COLOR" />
        <option name="EFFECT_TYPE" value="0" />
        <option name="ERROR_STRIPE_COLOR" />
      </value>
    </option>
    <option name="BUILDOUT.VALUE">
      <value>
        <option name="FOREGROUND" value="8f9d6a" />
        <option name="BACKGROUND" />
        <option name="FONT_TYPE" value="0" />
        <option name="EFFECT_COLOR" />
        <option name="EFFECT_TYPE" value="0" />
        <option name="ERROR_STRIPE_COLOR" />
      </value>
    </option>
    <option name="CONSOLE_ERROR_OUTPUT">
      <value>
        <option name="FOREGROUND" value="ffb3b3" />
        <option name="BACKGROUND" />
        <option name="FONT_TYPE" value="0" />
        <option name="EFFECT_COLOR" />
        <option name="EFFECT_TYPE" value="0" />
        <option name="ERROR_STRIPE_COLOR" />
      </value>
    </option>
    <option name="CONSOLE_NORMAL_OUTPUT">
      <value>
        <option name="FOREGROUND" value="ffffff" />
        <option name="BACKGROUND" />
        <option name="FONT_TYPE" value="0" />
        <option name="EFFECT_COLOR" />
        <option name="EFFECT_TYPE" value="0" />
        <option name="ERROR_STRIPE_COLOR" />
      </value>
    </option>
    <option name="CONSOLE_SYSTEM_OUTPUT">
      <value>
        <option name="FOREGROUND" value="e4e4ff" />
        <option name="BACKGROUND" />
        <option name="FONT_TYPE" value="0" />
        <option name="EFFECT_COLOR" />
        <option name="EFFECT_TYPE" value="0" />
        <option name="ERROR_STRIPE_COLOR" />
      </value>
    </option>
    <option name="CONSOLE_USER_INPUT">
      <value>
        <option name="FOREGROUND" value="6ae96a" />
        <option name="BACKGROUND" />
        <option name="FONT_TYPE" value="2" />
        <option name="EFFECT_COLOR" />
        <option name="EFFECT_TYPE" value="0" />
        <option name="ERROR_STRIPE_COLOR" />
      </value>
    </option>
    <option name="CSS.COMMENT">
      <value>
        <option name="FOREGROUND" value="80807f" />
        <option name="BACKGROUND" />
        <option name="FONT_TYPE" value="2" />
        <option name="EFFECT_COLOR" />
        <option name="EFFECT_TYPE" value="0" />
        <option name="ERROR_STRIPE_COLOR" />
      </value>
    </option>
    <option name="CSS.FUNCTION">
      <value>
        <option name="FOREGROUND" value="ffb3b3" />
        <option name="BACKGROUND" />
        <option name="FONT_TYPE" value="1" />
        <option name="EFFECT_COLOR" />
        <option name="EFFECT_TYPE" value="0" />
        <option name="ERROR_STRIPE_COLOR" />
      </value>
    </option>
    <option name="CSS.IDENT">
      <value>
        <option name="FOREGROUND" value="ffb3b3" />
        <option name="BACKGROUND" />
        <option name="FONT_TYPE" value="1" />
        <option name="EFFECT_COLOR" />
        <option name="EFFECT_TYPE" value="0" />
        <option name="ERROR_STRIPE_COLOR" />
      </value>
    </option>
    <option name="CSS.KEYWORD">
      <value>
        <option name="FOREGROUND" value="cda869" />
        <option name="BACKGROUND" />
        <option name="FONT_TYPE" value="1" />
        <option name="EFFECT_COLOR" value="cda869" />
        <option name="EFFECT_TYPE" value="1" />
        <option name="ERROR_STRIPE_COLOR" />
      </value>
    </option>
    <option name="CSS.NUMBER">
      <value>
        <option name="FOREGROUND" value="ca7840" />
        <option name="BACKGROUND" />
        <option name="FONT_TYPE" value="0" />
        <option name="EFFECT_COLOR" />
        <option name="EFFECT_TYPE" value="0" />
        <option name="ERROR_STRIPE_COLOR" />
      </value>
    </option>
    <option name="CSS.PROPERTY_NAME">
      <value>
        <option name="FOREGROUND" value="c5af75" />
        <option name="BACKGROUND" />
        <option name="FONT_TYPE" value="0" />
        <option name="EFFECT_COLOR" />
        <option name="EFFECT_TYPE" value="0" />
        <option name="ERROR_STRIPE_COLOR" />
      </value>
    </option>
    <option name="CSS.PROPERTY_VALUE">
      <value>
        <option name="FOREGROUND" value="ffb3b3" />
        <option name="BACKGROUND" />
        <option name="FONT_TYPE" value="1" />
        <option name="EFFECT_COLOR" />
        <option name="EFFECT_TYPE" value="0" />
        <option name="ERROR_STRIPE_COLOR" />
      </value>
    </option>
    <option name="CSS.STRING">
      <value>
        <option name="FOREGROUND" value="8f9d6a" />
        <option name="BACKGROUND" />
        <option name="FONT_TYPE" value="1" />
        <option name="EFFECT_COLOR" />
        <option name="EFFECT_TYPE" value="0" />
        <option name="ERROR_STRIPE_COLOR" />
      </value>
    </option>
    <option name="CSS.TAG_NAME">
      <value>
        <option name="FOREGROUND" value="ffb3b3" />
        <option name="BACKGROUND" />
        <option name="FONT_TYPE" value="1" />
        <option name="EFFECT_COLOR" />
        <option name="EFFECT_TYPE" value="0" />
        <option name="ERROR_STRIPE_COLOR" />
      </value>
    </option>
    <option name="CSS.URL">
      <value>
        <option name="FOREGROUND" value="ffb3b3" />
        <option name="BACKGROUND" />
        <option name="FONT_TYPE" value="1" />
        <option name="EFFECT_COLOR" />
        <option name="EFFECT_TYPE" value="0" />
        <option name="ERROR_STRIPE_COLOR" />
      </value>
    </option>
    <option name="CUSTOM_INVALID_STRING_ESCAPE_ATTRIBUTES">
      <value>
        <option name="FOREGROUND" value="d2a8a1" />
        <option name="BACKGROUND" />
        <option name="FONT_TYPE" value="2" />
        <option name="EFFECT_COLOR" />
        <option name="EFFECT_TYPE" value="0" />
        <option name="ERROR_STRIPE_COLOR" />
      </value>
    </option>
    <option name="CUSTOM_KEYWORD1_ATTRIBUTES">
      <value>
        <option name="FOREGROUND" value="ffb3b3" />
        <option name="BACKGROUND" />
        <option name="FONT_TYPE" value="1" />
        <option name="EFFECT_COLOR" />
        <option name="EFFECT_TYPE" value="0" />
        <option name="ERROR_STRIPE_COLOR" />
      </value>
    </option>
    <option name="CUSTOM_KEYWORD2_ATTRIBUTES">
      <value>
        <option name="FOREGROUND" value="fda5ff" />
        <option name="BACKGROUND" />
        <option name="FONT_TYPE" value="1" />
        <option name="EFFECT_COLOR" />
        <option name="EFFECT_TYPE" value="0" />
        <option name="ERROR_STRIPE_COLOR" />
      </value>
    </option>
    <option name="CUSTOM_KEYWORD3_ATTRIBUTES">
      <value>
        <option name="FOREGROUND" value="b0b04a" />
        <option name="BACKGROUND" />
        <option name="FONT_TYPE" value="1" />
        <option name="EFFECT_COLOR" />
        <option name="EFFECT_TYPE" value="0" />
        <option name="ERROR_STRIPE_COLOR" />
      </value>
    </option>
    <option name="CUSTOM_KEYWORD4_ATTRIBUTES">
      <value>
        <option name="FOREGROUND" value="ffc2c2" />
        <option name="BACKGROUND" />
        <option name="FONT_TYPE" value="1" />
        <option name="EFFECT_COLOR" />
        <option name="EFFECT_TYPE" value="0" />
        <option name="ERROR_STRIPE_COLOR" />
      </value>
    </option>
    <option name="CUSTOM_LINE_COMMENT_ATTRIBUTES">
      <value>
        <option name="FOREGROUND" value="5f5a60" />
        <option name="BACKGROUND" />
        <option name="FONT_TYPE" value="2" />
        <option name="EFFECT_COLOR" />
        <option name="EFFECT_TYPE" value="0" />
        <option name="ERROR_STRIPE_COLOR" />
      </value>
    </option>
    <option name="CUSTOM_MULTI_LINE_COMMENT_ATTRIBUTES">
      <value>
        <option name="FOREGROUND" value="5f5a60" />
        <option name="BACKGROUND" />
        <option name="FONT_TYPE" value="2" />
        <option name="EFFECT_COLOR" />
        <option name="EFFECT_TYPE" value="0" />
        <option name="ERROR_STRIPE_COLOR" />
      </value>
    </option>
    <option name="CUSTOM_NUMBER_ATTRIBUTES">
      <value>
        <option name="FOREGROUND" value="ca7840" />
        <option name="BACKGROUND" />
        <option name="FONT_TYPE" value="0" />
        <option name="EFFECT_COLOR" />
        <option name="EFFECT_TYPE" value="0" />
        <option name="ERROR_STRIPE_COLOR" />
      </value>
    </option>
    <option name="CUSTOM_STRING_ATTRIBUTES">
      <value>
        <option name="FOREGROUND" value="8f9d6a" />
        <option name="BACKGROUND" />
        <option name="FONT_TYPE" value="1" />
        <option name="EFFECT_COLOR" />
        <option name="EFFECT_TYPE" value="0" />
        <option name="ERROR_STRIPE_COLOR" />
      </value>
    </option>
    <option name="CUSTOM_VALID_STRING_ESCAPE_ATTRIBUTES">
      <value>
        <option name="FOREGROUND" value="cf7d34" />
        <option name="BACKGROUND" />
        <option name="FONT_TYPE" value="1" />
        <option name="EFFECT_COLOR" />
        <option name="EFFECT_TYPE" value="0" />
        <option name="ERROR_STRIPE_COLOR" />
      </value>
    </option>
    <option name="DEPRECATED_ATTRIBUTES">
      <value>
        <option name="FOREGROUND" />
        <option name="BACKGROUND" />
        <option name="FONT_TYPE" value="0" />
        <option name="EFFECT_COLOR" value="c0c0c0" />
        <option name="EFFECT_TYPE" value="3" />
        <option name="ERROR_STRIPE_COLOR" />
      </value>
    </option>
    <option name="DIFF_CONFLICT">
      <value>
        <option name="FOREGROUND" />
        <option name="BACKGROUND" value="763f34" />
        <option name="FONT_TYPE" value="0" />
        <option name="EFFECT_COLOR" />
        <option name="EFFECT_TYPE" value="0" />
        <option name="ERROR_STRIPE_COLOR" value="ff6647" />
      </value>
    </option>
    <option name="DIFF_DELETED">
      <value>
        <option name="FOREGROUND" />
        <option name="BACKGROUND" value="5b5b5b" />
        <option name="FONT_TYPE" value="0" />
        <option name="EFFECT_COLOR" />
        <option name="EFFECT_TYPE" value="0" />
        <option name="ERROR_STRIPE_COLOR" value="747474" />
      </value>
    </option>
    <option name="DIFF_INSERTED">
      <value>
        <option name="FOREGROUND" />
        <option name="BACKGROUND" value="2f632f" />
        <option name="FONT_TYPE" value="0" />
        <option name="EFFECT_COLOR" />
        <option name="EFFECT_TYPE" value="0" />
        <option name="ERROR_STRIPE_COLOR" value="99ff99" />
      </value>
    </option>
    <option name="DIFF_MODIFIED">
      <value>
        <option name="FOREGROUND" />
        <option name="BACKGROUND" value="465983" />
        <option name="FONT_TYPE" value="0" />
        <option name="EFFECT_COLOR" />
        <option name="EFFECT_TYPE" value="0" />
        <option name="ERROR_STRIPE_COLOR" value="99ccff" />
      </value>
    </option>
    <option name="DJANGO_COMMENT">
      <value>
        <option name="FOREGROUND" value="80807f" />
        <option name="BACKGROUND" />
        <option name="FONT_TYPE" value="2" />
        <option name="EFFECT_COLOR" />
        <option name="EFFECT_TYPE" value="0" />
        <option name="ERROR_STRIPE_COLOR" />
      </value>
    </option>
    <option name="DJANGO_FILTER">
      <value>
        <option name="FOREGROUND" value="dad085" />
        <option name="BACKGROUND" />
        <option name="FONT_TYPE" value="0" />
        <option name="EFFECT_COLOR" />
        <option name="EFFECT_TYPE" value="0" />
        <option name="ERROR_STRIPE_COLOR" />
      </value>
    </option>
    <option name="DJANGO_ID">
      <value>
        <option name="FOREGROUND" value="e0c589" />
        <option name="BACKGROUND" />
        <option name="FONT_TYPE" value="0" />
        <option name="EFFECT_COLOR" />
        <option name="EFFECT_TYPE" value="0" />
        <option name="ERROR_STRIPE_COLOR" />
      </value>
    </option>
    <option name="DJANGO_KEYWORD">
      <value>
        <option name="FOREGROUND" value="cda869" />
        <option name="BACKGROUND" />
        <option name="FONT_TYPE" value="0" />
        <option name="EFFECT_COLOR" />
        <option name="EFFECT_TYPE" value="0" />
        <option name="ERROR_STRIPE_COLOR" />
      </value>
    </option>
    <option name="DJANGO_NUMBER">
      <value>
        <option name="FOREGROUND" value="ca7840" />
        <option name="BACKGROUND" />
        <option name="FONT_TYPE" value="0" />
        <option name="EFFECT_COLOR" />
        <option name="EFFECT_TYPE" value="0" />
        <option name="ERROR_STRIPE_COLOR" />
      </value>
    </option>
    <option name="DJANGO_STRING_LITERAL">
      <value>
        <option name="FOREGROUND" value="494949" />
        <option name="BACKGROUND" />
        <option name="FONT_TYPE" value="0" />
        <option name="EFFECT_COLOR" />
        <option name="EFFECT_TYPE" value="0" />
        <option name="ERROR_STRIPE_COLOR" />
      </value>
    </option>
    <option name="DJANGO_TAG_NAME">
      <value>
        <option name="FOREGROUND" value="e0c589" />
        <option name="BACKGROUND" />
        <option name="FONT_TYPE" value="0" />
        <option name="EFFECT_COLOR" />
        <option name="EFFECT_TYPE" value="0" />
        <option name="ERROR_STRIPE_COLOR" />
      </value>
    </option>
    <option name="DUPLICATE_FROM_SERVER">
      <value>
        <option name="FOREGROUND" />
        <option name="BACKGROUND" value="30322b" />
        <option name="FONT_TYPE" value="0" />
        <option name="EFFECT_COLOR" />
        <option name="EFFECT_TYPE" value="0" />
        <option name="ERROR_STRIPE_COLOR" />
      </value>
    </option>
    <option name="ERRORS_ATTRIBUTES">
      <value>
        <option name="FOREGROUND" />
        <option name="BACKGROUND" />
        <option name="FONT_TYPE" value="0" />
        <option name="EFFECT_COLOR" value="ff6767" />
        <option name="EFFECT_TYPE" value="2" />
        <option name="ERROR_STRIPE_COLOR" value="ff0000" />
      </value>
    </option>
    <option name="EXECUTIONPOINT_ATTRIBUTES">
      <value>
        <option name="FOREGROUND" value="101" />
        <option name="BACKGROUND" value="ff6767" />
        <option name="FONT_TYPE" value="0" />
        <option name="EFFECT_COLOR" />
        <option name="EFFECT_TYPE" value="0" />
        <option name="ERROR_STRIPE_COLOR" />
      </value>
    </option>
    <option name="FOLDED_TEXT_ATTRIBUTES">
      <value>
        <option name="FOREGROUND" value="3c3d3c" />
        <option name="BACKGROUND" value="101010" />
        <option name="FONT_TYPE" value="1" />
        <option name="EFFECT_COLOR" value="3c3d3c" />
        <option name="EFFECT_TYPE" value="1" />
        <option name="ERROR_STRIPE_COLOR" />
      </value>
    </option>
    <option name="FOLLOWED_HYPERLINK_ATTRIBUTES">
      <value>
        <option name="FOREGROUND" value="c7c7ff" />
        <option name="BACKGROUND" value="161717" />
        <option name="FONT_TYPE" value="2" />
        <option name="EFFECT_COLOR" value="c7c7ff" />
        <option name="EFFECT_TYPE" value="1" />
        <option name="ERROR_STRIPE_COLOR" />
      </value>
    </option>
    <option name="GENERIC_SERVER_ERROR_OR_WARNING">
      <value>
        <option name="FOREGROUND" />
        <option name="BACKGROUND" />
        <option name="FONT_TYPE" value="0" />
        <option name="EFFECT_COLOR" value="aa4e00" />
        <option name="EFFECT_TYPE" value="2" />
        <option name="ERROR_STRIPE_COLOR" value="f49810" />
      </value>
    </option>
    <option name="GQL_ID">
      <value>
        <option name="FOREGROUND" value="ca7840" />
        <option name="BACKGROUND" />
        <option name="FONT_TYPE" value="0" />
        <option name="EFFECT_COLOR" />
        <option name="EFFECT_TYPE" value="0" />
        <option name="ERROR_STRIPE_COLOR" />
      </value>
    </option>
    <option name="GQL_INT_LITERAL">
      <value>
        <option name="FOREGROUND" value="ca7840" />
        <option name="BACKGROUND" />
        <option name="FONT_TYPE" value="0" />
        <option name="EFFECT_COLOR" />
        <option name="EFFECT_TYPE" value="0" />
        <option name="ERROR_STRIPE_COLOR" />
      </value>
    </option>
    <option name="GQL_KEYWORD">
      <value>
        <option name="FOREGROUND" value="cda869" />
        <option name="BACKGROUND" />
        <option name="FONT_TYPE" value="0" />
        <option name="EFFECT_COLOR" />
        <option name="EFFECT_TYPE" value="0" />
        <option name="ERROR_STRIPE_COLOR" />
      </value>
    </option>
    <option name="GQL_STRING_LITERAL">
      <value>
        <option name="FOREGROUND" value="8f9d6a" />
        <option name="BACKGROUND" />
        <option name="FONT_TYPE" value="0" />
        <option name="EFFECT_COLOR" />
        <option name="EFFECT_TYPE" value="0" />
        <option name="ERROR_STRIPE_COLOR" />
      </value>
    </option>
    <option name="HTML_ATTRIBUTE_NAME">
      <value>
        <option name="FOREGROUND" value="e0c589" />
        <option name="BACKGROUND" />
        <option name="FONT_TYPE" value="1" />
        <option name="EFFECT_COLOR" />
        <option name="EFFECT_TYPE" value="0" />
        <option name="ERROR_STRIPE_COLOR" />
      </value>
    </option>
    <option name="HTML_ATTRIBUTE_VALUE">
      <value>
        <option name="FOREGROUND" value="494949" />
        <option name="BACKGROUND" />
        <option name="FONT_TYPE" value="1" />
        <option name="EFFECT_COLOR" />
        <option name="EFFECT_TYPE" value="0" />
        <option name="ERROR_STRIPE_COLOR" />
      </value>
    </option>
    <option name="HTML_COMMENT">
      <value>
        <option name="FOREGROUND" value="80807f" />
        <option name="BACKGROUND" />
        <option name="FONT_TYPE" value="2" />
        <option name="EFFECT_COLOR" />
        <option name="EFFECT_TYPE" value="0" />
        <option name="ERROR_STRIPE_COLOR" />
      </value>
    </option>
    <option name="HTML_ENTITY_REFERENCE">
      <value>
        <option name="FOREGROUND" value="ca7840" />
        <option name="BACKGROUND" />
        <option name="FONT_TYPE" value="1" />
        <option name="EFFECT_COLOR" />
        <option name="EFFECT_TYPE" value="0" />
        <option name="ERROR_STRIPE_COLOR" />
      </value>
    </option>
    <option name="HTML_TAG">
      <value>
        <option name="FOREGROUND" value="494949" />
        <option name="BACKGROUND" />
        <option name="FONT_TYPE" value="0" />
        <option name="EFFECT_COLOR" />
        <option name="EFFECT_TYPE" value="0" />
        <option name="ERROR_STRIPE_COLOR" />
      </value>
    </option>
    <option name="HTML_TAG_NAME">
      <value>
        <option name="FOREGROUND" value="e0c589" />
        <option name="BACKGROUND" />
        <option name="FONT_TYPE" value="1" />
        <option name="EFFECT_COLOR" />
        <option name="EFFECT_TYPE" value="0" />
        <option name="ERROR_STRIPE_COLOR" />
      </value>
    </option>
    <option name="HYPERLINK_ATTRIBUTES">
      <value>
        <option name="FOREGROUND" value="c7c7ff" />
        <option name="BACKGROUND" />
        <option name="FONT_TYPE" value="2" />
        <option name="EFFECT_COLOR" value="c7c7ff" />
        <option name="EFFECT_TYPE" value="1" />
        <option name="ERROR_STRIPE_COLOR" />
      </value>
    </option>
    <option name="IDENTIFIER_UNDER_CARET_ATTRIBUTES">
      <value>
        <option name="FOREGROUND" />
        <option name="BACKGROUND" value="3c3c57" />
        <option name="FONT_TYPE" value="0" />
        <option name="EFFECT_COLOR" />
        <option name="EFFECT_TYPE" value="0" />
        <option name="ERROR_STRIPE_COLOR" value="ccccff" />
      </value>
    </option>
    <option name="INFO_ATTRIBUTES">
      <value>
        <option name="FOREGROUND" />
        <option name="BACKGROUND" />
        <option name="FONT_TYPE" value="0" />
        <option name="EFFECT_COLOR" value="333434" />
        <option name="EFFECT_TYPE" value="2" />
        <option name="ERROR_STRIPE_COLOR" value="ffffcc" />
      </value>
    </option>
    <option name="INJECTED_LANGUAGE_FRAGMENT">
      <value>
        <option name="FOREGROUND" />
        <option name="BACKGROUND" value="273627" />
        <option name="FONT_TYPE" value="0" />
        <option name="EFFECT_COLOR" />
        <option name="EFFECT_TYPE" value="0" />
        <option name="ERROR_STRIPE_COLOR" />
      </value>
    </option>
    <option name="INSTANCE_FIELD_ATTRIBUTES">
      <value>
        <option name="FOREGROUND" value="fda5ff" />
        <option name="BACKGROUND" />
        <option name="FONT_TYPE" value="1" />
        <option name="EFFECT_COLOR" />
        <option name="EFFECT_TYPE" value="0" />
        <option name="ERROR_STRIPE_COLOR" />
      </value>
    </option>
    <option name="JAVA_BLOCK_COMMENT">
      <value>
        <option name="FOREGROUND" value="5f5a60" />
        <option name="BACKGROUND" />
        <option name="FONT_TYPE" value="2" />
        <option name="EFFECT_COLOR" />
        <option name="EFFECT_TYPE" value="0" />
        <option name="ERROR_STRIPE_COLOR" />
      </value>
    </option>
    <option name="JAVA_DOC_COMMENT">
      <value>
        <option name="FOREGROUND" value="5f5a60" />
        <option name="BACKGROUND" />
        <option name="FONT_TYPE" value="2" />
        <option name="EFFECT_COLOR" />
        <option name="EFFECT_TYPE" value="0" />
        <option name="ERROR_STRIPE_COLOR" />
      </value>
    </option>
    <option name="JAVA_DOC_MARKUP">
      <value>
        <option name="FOREGROUND" />
        <option name="BACKGROUND" value="223f22" />
        <option name="FONT_TYPE" value="0" />
        <option name="EFFECT_COLOR" />
        <option name="EFFECT_TYPE" value="0" />
        <option name="ERROR_STRIPE_COLOR" />
      </value>
    </option>
    <option name="JAVA_DOC_TAG">
      <value>
        <option name="FOREGROUND" />
        <option name="BACKGROUND" />
        <option name="FONT_TYPE" value="1" />
        <option name="EFFECT_COLOR" value="80807f" />
        <option name="EFFECT_TYPE" value="1" />
        <option name="ERROR_STRIPE_COLOR" />
      </value>
    </option>
    <option name="JAVA_INVALID_STRING_ESCAPE">
      <value>
        <option name="FOREGROUND" value="d2a8a1" />
        <option name="BACKGROUND" />
        <option name="FONT_TYPE" value="2" />
        <option name="EFFECT_COLOR" value="d2a8a1" />
        <option name="EFFECT_TYPE" value="1" />
        <option name="ERROR_STRIPE_COLOR" />
      </value>
    </option>
    <option name="JAVA_KEYWORD">
      <value>
        <option name="FOREGROUND" value="cda869" />
        <option name="BACKGROUND" />
        <option name="FONT_TYPE" value="0" />
        <option name="EFFECT_COLOR" />
        <option name="EFFECT_TYPE" value="0" />
        <option name="ERROR_STRIPE_COLOR" />
      </value>
    </option>
    <option name="JAVA_LINE_COMMENT">
      <value>
        <option name="FOREGROUND" value="5f5a60" />
        <option name="BACKGROUND" />
        <option name="FONT_TYPE" value="2" />
        <option name="EFFECT_COLOR" />
        <option name="EFFECT_TYPE" value="0" />
        <option name="ERROR_STRIPE_COLOR" />
      </value>
    </option>
    <option name="JAVA_NUMBER">
      <value>
        <option name="FOREGROUND" value="ca7840" />
        <option name="BACKGROUND" />
        <option name="FONT_TYPE" value="0" />
        <option name="EFFECT_COLOR" />
        <option name="EFFECT_TYPE" value="0" />
        <option name="ERROR_STRIPE_COLOR" />
      </value>
    </option>
    <option name="JAVA_OPERATION_SIGN">
      <value>
        <option name="FOREGROUND" value="afc4db" />
        <option name="BACKGROUND" />
        <option name="FONT_TYPE" value="0" />
        <option name="EFFECT_COLOR" />
        <option name="EFFECT_TYPE" value="0" />
        <option name="ERROR_STRIPE_COLOR" />
      </value>
    </option>
    <option name="JAVA_STRING">
      <value>
        <option name="FOREGROUND" value="8f9d6a" />
        <option name="BACKGROUND" />
        <option name="FONT_TYPE" value="0" />
        <option name="EFFECT_COLOR" />
        <option name="EFFECT_TYPE" value="0" />
        <option name="ERROR_STRIPE_COLOR" />
      </value>
    </option>
    <option name="JAVA_VALID_STRING_ESCAPE">
      <value>
        <option name="FOREGROUND" value="cf7d34" />
        <option name="BACKGROUND" />
        <option name="FONT_TYPE" value="0" />
        <option name="EFFECT_COLOR" />
        <option name="EFFECT_TYPE" value="0" />
        <option name="ERROR_STRIPE_COLOR" />
      </value>
    </option>
    <option name="JS.ATTRIBUTE">
      <value>
        <option name="FOREGROUND" />
        <option name="BACKGROUND" value="423535" />
        <option name="FONT_TYPE" value="0" />
        <option name="EFFECT_COLOR" />
        <option name="EFFECT_TYPE" value="0" />
        <option name="ERROR_STRIPE_COLOR" />
      </value>
    </option>
    <option name="JS.BADCHARACTER">
      <value>
        <option name="FOREGROUND" value="d2a8a1" />
        <option name="BACKGROUND" />
        <option name="FONT_TYPE" value="2" />
        <option name="EFFECT_COLOR" />
        <option name="EFFECT_TYPE" value="0" />
        <option name="ERROR_STRIPE_COLOR" />
      </value>
    </option>
    <option name="JS.BLOCK_COMEMNT">
      <value>
        <option name="FOREGROUND" value="5f5a60" />
        <option name="BACKGROUND" />
        <option name="FONT_TYPE" value="2" />
        <option name="EFFECT_COLOR" />
        <option name="EFFECT_TYPE" value="0" />
        <option name="ERROR_STRIPE_COLOR" />
      </value>
    </option>
    <option name="JS.DOC_COMMENT">
      <value>
        <option name="FOREGROUND" value="5f5a60" />
        <option name="BACKGROUND" />
        <option name="FONT_TYPE" value="2" />
        <option name="EFFECT_COLOR" />
        <option name="EFFECT_TYPE" value="0" />
        <option name="ERROR_STRIPE_COLOR" />
      </value>
    </option>
    <option name="JS.DOC_MARKUP">
      <value>
        <option name="FOREGROUND" />
        <option name="BACKGROUND" value="223f22" />
        <option name="FONT_TYPE" value="0" />
        <option name="EFFECT_COLOR" />
        <option name="EFFECT_TYPE" value="0" />
        <option name="ERROR_STRIPE_COLOR" />
      </value>
    </option>
    <option name="JS.DOC_TAG">
      <value>
        <option name="FOREGROUND" />
        <option name="BACKGROUND" />
        <option name="FONT_TYPE" value="1" />
        <option name="EFFECT_COLOR" />
        <option name="EFFECT_TYPE" value="0" />
        <option name="ERROR_STRIPE_COLOR" />
      </value>
    </option>
    <option name="JS.GLOBAL_VARIABLE">
      <value>
        <option name="FOREGROUND" value="fda5ff" />
        <option name="BACKGROUND" />
        <option name="FONT_TYPE" value="3" />
        <option name="EFFECT_COLOR" />
        <option name="EFFECT_TYPE" value="0" />
        <option name="ERROR_STRIPE_COLOR" />
      </value>
    </option>
    <option name="JS.INSTANCE_MEMBER_FUNCTION">
      <value>
        <option name="FOREGROUND" value="979748" />
        <option name="BACKGROUND" />
        <option name="FONT_TYPE" value="0" />
        <option name="EFFECT_COLOR" />
        <option name="EFFECT_TYPE" value="0" />
        <option name="ERROR_STRIPE_COLOR" />
      </value>
    </option>
    <option name="JS.INSTANCE_MEMBER_VARIABLE">
      <value>
        <option name="FOREGROUND" value="fda5ff" />
        <option name="BACKGROUND" />
        <option name="FONT_TYPE" value="1" />
        <option name="EFFECT_COLOR" />
        <option name="EFFECT_TYPE" value="0" />
        <option name="ERROR_STRIPE_COLOR" />
      </value>
    </option>
    <option name="JS.INVALID_STRING_ESCAPE">
      <value>
        <option name="FOREGROUND" value="d2a8a1" />
        <option name="BACKGROUND" />
        <option name="FONT_TYPE" value="2" />
        <option name="EFFECT_COLOR" />
        <option name="EFFECT_TYPE" value="0" />
        <option name="ERROR_STRIPE_COLOR" />
      </value>
    </option>
    <option name="JS.KEYWORD">
      <value>
        <option name="FOREGROUND" value="cda869" />
        <option name="BACKGROUND" />
        <option name="FONT_TYPE" value="0" />
        <option name="EFFECT_COLOR" />
        <option name="EFFECT_TYPE" value="0" />
        <option name="ERROR_STRIPE_COLOR" />
      </value>
    </option>
    <option name="JS.LINE_COMMENT">
      <value>
        <option name="FOREGROUND" value="5f5a60" />
        <option name="BACKGROUND" />
        <option name="FONT_TYPE" value="2" />
        <option name="EFFECT_COLOR" />
        <option name="EFFECT_TYPE" value="0" />
        <option name="ERROR_STRIPE_COLOR" />
      </value>
    </option>
    <option name="JS.LOCAL_VARIABLE">
      <value>
        <option name="FOREGROUND" value="64a2a2" />
        <option name="BACKGROUND" />
        <option name="FONT_TYPE" value="0" />
        <option name="EFFECT_COLOR" />
        <option name="EFFECT_TYPE" value="0" />
        <option name="ERROR_STRIPE_COLOR" />
      </value>
    </option>
    <option name="JS.NUMBER">
      <value>
        <option name="FOREGROUND" value="ca7840" />
        <option name="BACKGROUND" />
        <option name="FONT_TYPE" value="0" />
        <option name="EFFECT_COLOR" />
        <option name="EFFECT_TYPE" value="0" />
        <option name="ERROR_STRIPE_COLOR" />
      </value>
    </option>
    <option name="JS.OPERATION_SIGN">
      <value>
        <option name="FOREGROUND" value="afc4db" />
        <option name="BACKGROUND" />
        <option name="FONT_TYPE" value="0" />
        <option name="EFFECT_COLOR" />
        <option name="EFFECT_TYPE" value="0" />
        <option name="ERROR_STRIPE_COLOR" />
      </value>
    </option>
    <option name="JS.PARAMETER">
      <value>
        <option name="FOREGROUND" value="8a9a95" />
        <option name="BACKGROUND" />
        <option name="FONT_TYPE" value="0" />
        <option name="EFFECT_COLOR" />
        <option name="EFFECT_TYPE" value="0" />
        <option name="ERROR_STRIPE_COLOR" />
      </value>
    </option>
    <option name="JS.REGEXP">
      <value>
        <option name="FOREGROUND" value="e9c062" />
        <option name="BACKGROUND" />
        <option name="FONT_TYPE" value="0" />
        <option name="EFFECT_COLOR" />
        <option name="EFFECT_TYPE" value="0" />
        <option name="ERROR_STRIPE_COLOR" />
      </value>
    </option>
    <option name="JS.STATIC_MEMBER_VARIABLE">
      <value>
        <option name="FOREGROUND" value="fda5ff" />
        <option name="BACKGROUND" />
        <option name="FONT_TYPE" value="3" />
        <option name="EFFECT_COLOR" />
        <option name="EFFECT_TYPE" value="0" />
        <option name="ERROR_STRIPE_COLOR" />
      </value>
    </option>
    <option name="JS.STRING">
      <value>
        <option name="FOREGROUND" value="8f9d6a" />
        <option name="BACKGROUND" />
        <option name="FONT_TYPE" value="0" />
        <option name="EFFECT_COLOR" />
        <option name="EFFECT_TYPE" value="0" />
        <option name="ERROR_STRIPE_COLOR" />
      </value>
    </option>
    <option name="JS.VALID_STRING_ESCAPE">
      <value>
        <option name="FOREGROUND" value="cf7d34" />
        <option name="BACKGROUND" />
        <option name="FONT_TYPE" value="0" />
        <option name="EFFECT_COLOR" />
        <option name="EFFECT_TYPE" value="0" />
        <option name="ERROR_STRIPE_COLOR" />
      </value>
    </option>
    <option name="LESS_VARIABLE">
      <value>
        <option name="FOREGROUND" value="ffa4ff" />
        <option name="BACKGROUND" />
        <option name="FONT_TYPE" value="1" />
        <option name="EFFECT_COLOR" />
        <option name="EFFECT_TYPE" value="0" />
        <option name="ERROR_STRIPE_COLOR" />
      </value>
    </option>
    <option name="NOT_USED_ELEMENT_ATTRIBUTES">
      <value>
        <option name="FOREGROUND" value="80807f" />
        <option name="BACKGROUND" />
        <option name="FONT_TYPE" value="0" />
        <option name="EFFECT_COLOR" />
        <option name="EFFECT_TYPE" value="0" />
        <option name="ERROR_STRIPE_COLOR" />
      </value>
    </option>
    <option name="PY.BUILTIN_NAME">
      <value>
        <option name="FOREGROUND" value="dad085" />
        <option name="BACKGROUND" />
        <option name="FONT_TYPE" value="0" />
        <option name="EFFECT_COLOR" />
        <option name="EFFECT_TYPE" value="0" />
        <option name="ERROR_STRIPE_COLOR" />
      </value>
    </option>
    <option name="PY.CLASS_DEFINITION">
      <value>
        <option name="FOREGROUND" value="e0c589" />
        <option name="BACKGROUND" />
        <option name="FONT_TYPE" value="0" />
        <option name="EFFECT_COLOR" />
        <option name="EFFECT_TYPE" value="0" />
        <option name="ERROR_STRIPE_COLOR" />
      </value>
    </option>
    <option name="PY.DECORATOR">
      <value>
        <option name="FOREGROUND" value="e0c589" />
        <option name="BACKGROUND" />
        <option name="FONT_TYPE" value="0" />
        <option name="EFFECT_COLOR" />
        <option name="EFFECT_TYPE" value="0" />
        <option name="ERROR_STRIPE_COLOR" />
      </value>
    </option>
    <option name="PY.DOC_COMMENT">
      <value>
        <option name="FOREGROUND" value="5f5a60" />
        <option name="BACKGROUND" />
        <option name="FONT_TYPE" value="2" />
        <option name="EFFECT_COLOR" />
        <option name="EFFECT_TYPE" value="0" />
        <option name="ERROR_STRIPE_COLOR" />
      </value>
    </option>
    <option name="PY.FUNC_DEFINITION">
      <value>
        <option name="FOREGROUND" value="e0c589" />
        <option name="BACKGROUND" />
        <option name="FONT_TYPE" value="0" />
        <option name="EFFECT_COLOR" />
        <option name="EFFECT_TYPE" value="0" />
        <option name="ERROR_STRIPE_COLOR" />
      </value>
    </option>
    <option name="PY.INVALID_STRING_ESCAPE">
      <value>
        <option name="FOREGROUND" value="d2a8a1" />
        <option name="BACKGROUND" />
        <option name="FONT_TYPE" value="2" />
        <option name="EFFECT_COLOR" />
        <option name="EFFECT_TYPE" value="0" />
        <option name="ERROR_STRIPE_COLOR" />
      </value>
    </option>
    <option name="PY.KEYWORD">
      <value>
        <option name="FOREGROUND" value="cda869" />
        <option name="BACKGROUND" />
        <option name="FONT_TYPE" value="0" />
        <option name="EFFECT_COLOR" />
        <option name="EFFECT_TYPE" value="0" />
        <option name="ERROR_STRIPE_COLOR" />
      </value>
    </option>
    <option name="PY.LINE_COMMENT">
      <value>
        <option name="FOREGROUND" value="5f5a60" />
        <option name="BACKGROUND" />
        <option name="FONT_TYPE" value="2" />
        <option name="EFFECT_COLOR" />
        <option name="EFFECT_TYPE" value="0" />
        <option name="ERROR_STRIPE_COLOR" />
      </value>
    </option>
    <option name="PY.NUMBER">
      <value>
        <option name="FOREGROUND" value="ca7840" />
        <option name="BACKGROUND" />
        <option name="FONT_TYPE" value="0" />
        <option name="EFFECT_COLOR" />
        <option name="EFFECT_TYPE" value="0" />
        <option name="ERROR_STRIPE_COLOR" />
      </value>
    </option>
    <option name="PY.OPERATION_SIGN">
      <value>
        <option name="FOREGROUND" value="afc4db" />
        <option name="BACKGROUND" />
        <option name="FONT_TYPE" value="0" />
        <option name="EFFECT_COLOR" />
        <option name="EFFECT_TYPE" value="0" />
        <option name="ERROR_STRIPE_COLOR" />
      </value>
    </option>
    <option name="PY.PREDEFINED_DEFINITION">
      <value>
        <option name="FOREGROUND" />
        <option name="BACKGROUND" />
        <option name="FONT_TYPE" value="0" />
        <option name="EFFECT_COLOR" />
        <option name="EFFECT_TYPE" value="0" />
        <option name="ERROR_STRIPE_COLOR" />
      </value>
    </option>
    <option name="PY.PREDEFINED_USAGE">
      <value>
        <option name="FOREGROUND" value="dad085" />
        <option name="BACKGROUND" />
        <option name="FONT_TYPE" value="0" />
        <option name="EFFECT_COLOR" />
        <option name="EFFECT_TYPE" value="0" />
        <option name="ERROR_STRIPE_COLOR" />
      </value>
    </option>
    <option name="PY.STRING">
      <value>
        <option name="FOREGROUND" value="8f9d6a" />
        <option name="BACKGROUND" />
        <option name="FONT_TYPE" value="0" />
        <option name="EFFECT_COLOR" />
        <option name="EFFECT_TYPE" value="0" />
        <option name="ERROR_STRIPE_COLOR" />
      </value>
    </option>
    <option name="PY.VALID_STRING_ESCAPE">
      <value>
        <option name="FOREGROUND" value="cf7d34" />
        <option name="BACKGROUND" />
        <option name="FONT_TYPE" value="0" />
        <option name="EFFECT_COLOR" />
        <option name="EFFECT_TYPE" value="0" />
        <option name="ERROR_STRIPE_COLOR" />
      </value>
    </option>
    <option name="REGEXP.BAD_CHARACTER">
      <value>
        <option name="FOREGROUND" value="d2a8a1" />
        <option name="BACKGROUND" />
        <option name="FONT_TYPE" value="2" />
        <option name="EFFECT_COLOR" />
        <option name="EFFECT_TYPE" value="0" />
        <option name="ERROR_STRIPE_COLOR" />
      </value>
    </option>
    <option name="REGEXP.CHAR_CLASS">
      <value>
        <option name="FOREGROUND" value="cf7d34" />
        <option name="BACKGROUND" />
        <option name="FONT_TYPE" value="0" />
        <option name="EFFECT_COLOR" />
        <option name="EFFECT_TYPE" value="0" />
        <option name="ERROR_STRIPE_COLOR" />
      </value>
    </option>
    <option name="REGEXP.COMMENT">
      <value>
        <option name="FOREGROUND" value="5f5a60" />
        <option name="BACKGROUND" />
        <option name="FONT_TYPE" value="2" />
        <option name="EFFECT_COLOR" />
        <option name="EFFECT_TYPE" value="0" />
        <option name="ERROR_STRIPE_COLOR" />
      </value>
    </option>
    <option name="REGEXP.ESC_CHARACTER">
      <value>
        <option name="FOREGROUND" value="cf7d34" />
        <option name="BACKGROUND" />
        <option name="FONT_TYPE" value="0" />
        <option name="EFFECT_COLOR" />
        <option name="EFFECT_TYPE" value="0" />
        <option name="ERROR_STRIPE_COLOR" />
      </value>
    </option>
    <option name="REGEXP.INVALID_STRING_ESCAPE">
      <value>
        <option name="FOREGROUND" value="d2a8a1" />
        <option name="BACKGROUND" />
        <option name="FONT_TYPE" value="2" />
        <option name="EFFECT_COLOR" />
        <option name="EFFECT_TYPE" value="0" />
        <option name="ERROR_STRIPE_COLOR" />
      </value>
    </option>
    <option name="REGEXP.META">
      <value>
        <option name="FOREGROUND" value="cda869" />
        <option name="BACKGROUND" />
        <option name="FONT_TYPE" value="0" />
        <option name="EFFECT_COLOR" />
        <option name="EFFECT_TYPE" value="0" />
        <option name="ERROR_STRIPE_COLOR" />
      </value>
    </option>
    <option name="REGEXP.QUOTE_CHARACTER">
      <value>
        <option name="FOREGROUND" value="cf7d34" />
        <option name="BACKGROUND" />
        <option name="FONT_TYPE" value="0" />
        <option name="EFFECT_COLOR" />
        <option name="EFFECT_TYPE" value="0" />
        <option name="ERROR_STRIPE_COLOR" />
      </value>
    </option>
    <option name="REGEXP.REDUNDANT_ESCAPE">
      <value>
        <option name="FOREGROUND" value="cf7d34" />
        <option name="BACKGROUND" />
        <option name="FONT_TYPE" value="0" />
        <option name="EFFECT_COLOR" />
        <option name="EFFECT_TYPE" value="0" />
        <option name="ERROR_STRIPE_COLOR" />
      </value>
    </option>
    <option name="RUBY_BAD_CHARACTER">
      <value>
        <option name="FOREGROUND" value="d2a8a1" />
        <option name="BACKGROUND" />
        <option name="FONT_TYPE" value="2" />
        <option name="EFFECT_COLOR" value="d2a8a1" />
        <option name="EFFECT_TYPE" value="1" />
        <option name="ERROR_STRIPE_COLOR" />
      </value>
    </option>
    <option name="RUBY_BRACKETS">
      <value>
        <option name="FOREGROUND" />
        <option name="BACKGROUND" />
        <option name="FONT_TYPE" value="0" />
        <option name="EFFECT_COLOR" />
        <option name="EFFECT_TYPE" value="0" />
        <option name="ERROR_STRIPE_COLOR" />
      </value>
    </option>
    <option name="RUBY_COMMA">
      <value>
        <option name="FOREGROUND" />
        <option name="BACKGROUND" />
        <option name="FONT_TYPE" value="0" />
        <option name="EFFECT_COLOR" />
        <option name="EFFECT_TYPE" value="0" />
        <option name="ERROR_STRIPE_COLOR" />
      </value>
    </option>
    <option name="RUBY_COMMENT">
      <value>
        <option name="FOREGROUND" value="5f5a60" />
        <option name="BACKGROUND" />
        <option name="FONT_TYPE" value="2" />
        <option name="EFFECT_COLOR" />
        <option name="EFFECT_TYPE" value="0" />
        <option name="ERROR_STRIPE_COLOR" />
      </value>
    </option>
    <option name="RUBY_CONSTANT">
      <value>
        <option name="FOREGROUND" value="cf6a4c" />
        <option name="BACKGROUND" />
        <option name="FONT_TYPE" value="0" />
        <option name="EFFECT_COLOR" />
        <option name="EFFECT_TYPE" value="0" />
        <option name="ERROR_STRIPE_COLOR" />
      </value>
    </option>
    <option name="RUBY_CVAR">
      <value>
        <option name="FOREGROUND" value="8a9a95" />
        <option name="BACKGROUND" />
        <option name="FONT_TYPE" value="0" />
        <option name="EFFECT_COLOR" />
        <option name="EFFECT_TYPE" value="0" />
        <option name="ERROR_STRIPE_COLOR" />
      </value>
    </option>
    <option name="RUBY_ESCAPE_SEQUENCE">
      <value>
        <option name="FOREGROUND" value="cf7d34" />
        <option name="BACKGROUND" />
        <option name="FONT_TYPE" value="0" />
        <option name="EFFECT_COLOR" />
        <option name="EFFECT_TYPE" value="0" />
        <option name="ERROR_STRIPE_COLOR" />
      </value>
    </option>
    <option name="RUBY_EXPR_IN_STRING">
      <value>
        <option name="FOREGROUND" value="494949" />
        <option name="BACKGROUND" />
        <option name="FONT_TYPE" value="0" />
        <option name="EFFECT_COLOR" />
        <option name="EFFECT_TYPE" value="0" />
        <option name="ERROR_STRIPE_COLOR" />
      </value>
    </option>
    <option name="RUBY_GVAR">
      <value>
        <option name="FOREGROUND" value="8a9a95" />
        <option name="BACKGROUND" />
        <option name="FONT_TYPE" value="0" />
        <option name="EFFECT_COLOR" />
        <option name="EFFECT_TYPE" value="0" />
        <option name="ERROR_STRIPE_COLOR" />
      </value>
    </option>
    <option name="RUBY_HASH_ASSOC">
      <value>
        <option name="FOREGROUND" value="afc4db" />
        <option name="BACKGROUND" />
        <option name="FONT_TYPE" value="0" />
        <option name="EFFECT_COLOR" />
        <option name="EFFECT_TYPE" value="0" />
        <option name="ERROR_STRIPE_COLOR" />
      </value>
    </option>
    <option name="RUBY_HEREDOC_CONTENT">
      <value>
        <option name="FOREGROUND" value="494949" />
        <option name="BACKGROUND" />
        <option name="FONT_TYPE" value="0" />
        <option name="EFFECT_COLOR" />
        <option name="EFFECT_TYPE" value="0" />
        <option name="ERROR_STRIPE_COLOR" />
      </value>
    </option>
    <option name="RUBY_HEREDOC_ID">
      <value>
        <option name="FOREGROUND" />
        <option name="BACKGROUND" />
        <option name="FONT_TYPE" value="0" />
        <option name="EFFECT_COLOR" />
        <option name="EFFECT_TYPE" value="0" />
        <option name="ERROR_STRIPE_COLOR" />
      </value>
    </option>
    <option name="RUBY_IDENTIFIER">
      <value>
        <option name="FOREGROUND" value="7587a6" />
        <option name="BACKGROUND" />
        <option name="FONT_TYPE" value="0" />
        <option name="EFFECT_COLOR" />
        <option name="EFFECT_TYPE" value="0" />
        <option name="ERROR_STRIPE_COLOR" />
      </value>
    </option>
    <option name="RUBY_INVALID_ESCAPE_SEQUENCE">
      <value>
        <option name="FOREGROUND" value="d2a8a1" />
        <option name="BACKGROUND" />
        <option name="FONT_TYPE" value="2" />
        <option name="EFFECT_COLOR" />
        <option name="EFFECT_TYPE" value="0" />
        <option name="ERROR_STRIPE_COLOR" />
      </value>
    </option>
    <option name="RUBY_IVAR">
      <value>
        <option name="FOREGROUND" value="8a9a95" />
        <option name="BACKGROUND" />
        <option name="FONT_TYPE" value="0" />
        <option name="EFFECT_COLOR" />
        <option name="EFFECT_TYPE" value="0" />
        <option name="ERROR_STRIPE_COLOR" />
      </value>
    </option>
    <option name="RUBY_KEYWORD">
      <value>
        <option name="FOREGROUND" value="cda869" />
        <option name="BACKGROUND" />
        <option name="FONT_TYPE" value="0" />
        <option name="EFFECT_COLOR" />
        <option name="EFFECT_TYPE" value="0" />
        <option name="ERROR_STRIPE_COLOR" />
      </value>
    </option>
    <option name="RUBY_LINE_CONTINUATION">
      <value>
        <option name="FOREGROUND" value="afc4db" />
        <option name="BACKGROUND" />
        <option name="FONT_TYPE" value="0" />
        <option name="EFFECT_COLOR" />
        <option name="EFFECT_TYPE" value="0" />
        <option name="ERROR_STRIPE_COLOR" />
      </value>
    </option>
    <option name="RUBY_LOCAL_VAR_ID">
      <value>
        <option name="FOREGROUND" value="7587a6" />
        <option name="BACKGROUND" />
        <option name="FONT_TYPE" value="0" />
        <option name="EFFECT_COLOR" />
        <option name="EFFECT_TYPE" value="0" />
        <option name="ERROR_STRIPE_COLOR" />
      </value>
    </option>
    <option name="RUBY_METHOD_NAME">
      <value>
        <option name="FOREGROUND" value="e0c589" />
        <option name="BACKGROUND" />
        <option name="FONT_TYPE" value="0" />
        <option name="EFFECT_COLOR" />
        <option name="EFFECT_TYPE" value="0" />
        <option name="ERROR_STRIPE_COLOR" />
      </value>
    </option>
    <option name="RUBY_NTH_REF">
      <value>
        <option name="FOREGROUND" />
        <option name="BACKGROUND" />
        <option name="FONT_TYPE" value="0" />
        <option name="EFFECT_COLOR" />
        <option name="EFFECT_TYPE" value="0" />
        <option name="ERROR_STRIPE_COLOR" />
      </value>
    </option>
    <option name="RUBY_NUMBER">
      <value>
        <option name="FOREGROUND" value="ca7840" />
        <option name="BACKGROUND" />
        <option name="FONT_TYPE" value="0" />
        <option name="EFFECT_COLOR" />
        <option name="EFFECT_TYPE" value="0" />
        <option name="ERROR_STRIPE_COLOR" />
      </value>
    </option>
    <option name="RUBY_OPERATION_SIGN">
      <value>
        <option name="FOREGROUND" value="afc4db" />
        <option name="BACKGROUND" />
        <option name="FONT_TYPE" value="0" />
        <option name="EFFECT_COLOR" />
        <option name="EFFECT_TYPE" value="0" />
        <option name="ERROR_STRIPE_COLOR" />
      </value>
    </option>
    <option name="RUBY_PARAMDEF_CALL">
      <value>
        <option name="FOREGROUND" value="dad085" />
        <option name="BACKGROUND" />
        <option name="FONT_TYPE" value="0" />
        <option name="EFFECT_COLOR" />
        <option name="EFFECT_TYPE" value="0" />
        <option name="ERROR_STRIPE_COLOR" />
      </value>
    </option>
    <option name="RUBY_PARAMETER_ID">
      <value>
        <option name="FOREGROUND" value="8a9a95" />
        <option name="BACKGROUND" />
        <option name="FONT_TYPE" value="0" />
        <option name="EFFECT_COLOR" />
        <option name="EFFECT_TYPE" value="0" />
        <option name="ERROR_STRIPE_COLOR" />
      </value>
    </option>
    <option name="RUBY_REGEXP">
      <value>
        <option name="FOREGROUND" value="e9c062" />
        <option name="BACKGROUND" />
        <option name="FONT_TYPE" value="0" />
        <option name="EFFECT_COLOR" />
        <option name="EFFECT_TYPE" value="0" />
        <option name="ERROR_STRIPE_COLOR" />
      </value>
    </option>
    <option name="RUBY_SEMICOLON">
      <value>
        <option name="FOREGROUND" />
        <option name="BACKGROUND" />
        <option name="FONT_TYPE" value="0" />
        <option name="EFFECT_COLOR" />
        <option name="EFFECT_TYPE" value="0" />
        <option name="ERROR_STRIPE_COLOR" />
      </value>
    </option>
    <option name="RUBY_SPECIFIC_CALL">
      <value>
        <option name="FOREGROUND" value="f9ee98" />
        <option name="BACKGROUND" />
        <option name="FONT_TYPE" value="0" />
        <option name="EFFECT_COLOR" />
        <option name="EFFECT_TYPE" value="0" />
        <option name="ERROR_STRIPE_COLOR" />
      </value>
    </option>
    <option name="RUBY_STRING">
      <value>
        <option name="FOREGROUND" value="8f9d6a" />
        <option name="BACKGROUND" />
        <option name="FONT_TYPE" value="0" />
        <option name="EFFECT_COLOR" />
        <option name="EFFECT_TYPE" value="0" />
        <option name="ERROR_STRIPE_COLOR" />
      </value>
    </option>
    <option name="RUBY_SYMBOL">
      <value>
        <option name="FOREGROUND" value="ca7840" />
        <option name="BACKGROUND" />
        <option name="FONT_TYPE" value="0" />
        <option name="EFFECT_COLOR" />
        <option name="EFFECT_TYPE" value="0" />
        <option name="ERROR_STRIPE_COLOR" />
      </value>
    </option>
    <option name="RUBY_WORDS">
      <value>
        <option name="FOREGROUND" value="8f9d6a" />
        <option name="BACKGROUND" />
        <option name="FONT_TYPE" value="0" />
        <option name="EFFECT_COLOR" />
        <option name="EFFECT_TYPE" value="0" />
        <option name="ERROR_STRIPE_COLOR" />
      </value>
    </option>
    <option name="SASS_ATTRIBUTE">
      <value>
        <option name="FOREGROUND" value="cda869" />
        <option name="BACKGROUND" />
        <option name="FONT_TYPE" value="0" />
        <option name="EFFECT_COLOR" />
        <option name="EFFECT_TYPE" value="0" />
        <option name="ERROR_STRIPE_COLOR" />
      </value>
    </option>
    <option name="SASS_COMMENT">
      <value>
        <option name="FOREGROUND" value="5f5a60" />
        <option name="BACKGROUND" />
        <option name="FONT_TYPE" value="2" />
        <option name="EFFECT_COLOR" />
        <option name="EFFECT_TYPE" value="0" />
        <option name="ERROR_STRIPE_COLOR" />
      </value>
    </option>
    <option name="SASS_CONSTANT">
      <value>
        <option name="FOREGROUND" value="cf6a4c" />
        <option name="BACKGROUND" />
        <option name="FONT_TYPE" value="0" />
        <option name="EFFECT_COLOR" />
        <option name="EFFECT_TYPE" value="0" />
        <option name="ERROR_STRIPE_COLOR" />
      </value>
    </option>
    <option name="SASS_DIRECTIVE">
      <value>
        <option name="FOREGROUND" value="cda869" />
        <option name="BACKGROUND" />
        <option name="FONT_TYPE" value="0" />
        <option name="EFFECT_COLOR" />
        <option name="EFFECT_TYPE" value="0" />
        <option name="ERROR_STRIPE_COLOR" />
      </value>
    </option>
    <option name="SASS_MIXIN">
      <value>
        <option name="FOREGROUND" value="cda869" />
        <option name="BACKGROUND" />
        <option name="FONT_TYPE" value="0" />
        <option name="EFFECT_COLOR" />
        <option name="EFFECT_TYPE" value="0" />
        <option name="ERROR_STRIPE_COLOR" />
      </value>
    </option>
    <option name="SASS_NUMBER">
      <value>
        <option name="FOREGROUND" value="ca7840" />
        <option name="BACKGROUND" />
        <option name="FONT_TYPE" value="0" />
        <option name="EFFECT_COLOR" />
        <option name="EFFECT_TYPE" value="0" />
        <option name="ERROR_STRIPE_COLOR" />
      </value>
    </option>
    <option name="SASS_RULE">
      <value>
        <option name="FOREGROUND" value="cda869" />
        <option name="BACKGROUND" />
        <option name="FONT_TYPE" value="0" />
        <option name="EFFECT_COLOR" />
        <option name="EFFECT_TYPE" value="0" />
        <option name="ERROR_STRIPE_COLOR" />
      </value>
    </option>
    <option name="SASS_STRING">
      <value>
        <option name="FOREGROUND" value="8f9d6a" />
        <option name="BACKGROUND" />
        <option name="FONT_TYPE" value="0" />
        <option name="EFFECT_COLOR" />
        <option name="EFFECT_TYPE" value="0" />
        <option name="ERROR_STRIPE_COLOR" />
      </value>
    </option>
    <option name="SCOPE_KEY_All">
      <value>
        <option name="FOREGROUND" />
        <option name="BACKGROUND" />
        <option name="FONT_TYPE" value="0" />
        <option name="EFFECT_COLOR" />
        <option name="EFFECT_TYPE" value="0" />
        <option name="ERROR_STRIPE_COLOR" />
      </value>
    </option>
    <option name="SCOPE_KEY_Non-Project Files">
      <value>
        <option name="FOREGROUND" />
        <option name="BACKGROUND" />
        <option name="FONT_TYPE" value="0" />
        <option name="EFFECT_COLOR" />
        <option name="EFFECT_TYPE" value="0" />
        <option name="ERROR_STRIPE_COLOR" />
      </value>
    </option>
    <option name="SCOPE_KEY_Problems">
      <value>
        <option name="FOREGROUND" />
        <option name="BACKGROUND" />
        <option name="FONT_TYPE" value="0" />
        <option name="EFFECT_COLOR" />
        <option name="EFFECT_TYPE" value="0" />
        <option name="ERROR_STRIPE_COLOR" />
      </value>
    </option>
    <option name="SCOPE_KEY_Project Files">
      <value>
        <option name="FOREGROUND" />
        <option name="BACKGROUND" />
        <option name="FONT_TYPE" value="0" />
        <option name="EFFECT_COLOR" />
        <option name="EFFECT_TYPE" value="0" />
        <option name="ERROR_STRIPE_COLOR" />
      </value>
    </option>
    <option name="SCOPE_KEY_Tests">
      <value>
        <option name="FOREGROUND" />
        <option name="BACKGROUND" />
        <option name="FONT_TYPE" value="0" />
        <option name="EFFECT_COLOR" />
        <option name="EFFECT_TYPE" value="0" />
        <option name="ERROR_STRIPE_COLOR" />
      </value>
    </option>
    <option name="SEARCH_RESULT_ATTRIBUTES">
      <value>
        <option name="FOREGROUND" />
        <option name="BACKGROUND" value="4f4f82" />
        <option name="FONT_TYPE" value="0" />
        <option name="EFFECT_COLOR" />
        <option name="EFFECT_TYPE" value="0" />
        <option name="ERROR_STRIPE_COLOR" />
      </value>
    </option>
    <option name="STATIC_FIELD_ATTRIBUTES">
      <value>
        <option name="FOREGROUND" value="fda5ff" />
        <option name="BACKGROUND" />
        <option name="FONT_TYPE" value="3" />
        <option name="EFFECT_COLOR" />
        <option name="EFFECT_TYPE" value="0" />
        <option name="ERROR_STRIPE_COLOR" />
      </value>
    </option>
    <option name="TEXT">
      <value>
        <option name="FOREGROUND" value="f8f8f8" />
        <option name="BACKGROUND" value="141414" />
        <option name="FONT_TYPE" value="0" />
        <option name="EFFECT_COLOR" />
        <option name="EFFECT_TYPE" value="0" />
        <option name="ERROR_STRIPE_COLOR" />
      </value>
    </option>
    <option name="TEXT_SEARCH_RESULT_ATTRIBUTES">
      <value>
        <option name="FOREGROUND" />
        <option name="BACKGROUND" value="5f5f00" />
        <option name="FONT_TYPE" value="0" />
        <option name="EFFECT_COLOR" />
        <option name="EFFECT_TYPE" value="0" />
        <option name="ERROR_STRIPE_COLOR" value="ff00" />
      </value>
    </option>
    <option name="TODO_DEFAULT_ATTRIBUTES">
      <value>
        <option name="FOREGROUND" value="ff6767" />
        <option name="BACKGROUND" />
        <option name="FONT_TYPE" value="3" />
        <option name="EFFECT_COLOR" />
        <option name="EFFECT_TYPE" value="0" />
        <option name="ERROR_STRIPE_COLOR" value="ff" />
      </value>
    </option>
    <option name="WARNING_ATTRIBUTES">
      <value>
        <option name="FOREGROUND" />
        <option name="BACKGROUND" value="4a3f10" />
        <option name="FONT_TYPE" value="0" />
        <option name="EFFECT_COLOR" value="f8f8f8" />
        <option name="EFFECT_TYPE" value="1" />
        <option name="ERROR_STRIPE_COLOR" value="ffff00" />
      </value>
    </option>
    <option name="WRITE_IDENTIFIER_UNDER_CARET_ATTRIBUTES">
      <value>
        <option name="FOREGROUND" />
        <option name="BACKGROUND" value="472c47" />
        <option name="FONT_TYPE" value="0" />
        <option name="EFFECT_COLOR" />
        <option name="EFFECT_TYPE" value="0" />
        <option name="ERROR_STRIPE_COLOR" value="ffcdff" />
      </value>
    </option>
    <option name="WRITE_SEARCH_RESULT_ATTRIBUTES">
      <value>
        <option name="FOREGROUND" />
        <option name="BACKGROUND" value="623062" />
        <option name="FONT_TYPE" value="0" />
        <option name="EFFECT_COLOR" />
        <option name="EFFECT_TYPE" value="0" />
        <option name="ERROR_STRIPE_COLOR" />
      </value>
    </option>
    <option name="XML_ATTRIBUTE_NAME">
      <value>
        <option name="FOREGROUND" value="e0c589" />
        <option name="BACKGROUND" />
        <option name="FONT_TYPE" value="0" />
        <option name="EFFECT_COLOR" />
        <option name="EFFECT_TYPE" value="0" />
        <option name="ERROR_STRIPE_COLOR" />
      </value>
    </option>
    <option name="XML_ATTRIBUTE_VALUE">
      <value>
        <option name="FOREGROUND" value="494949" />
        <option name="BACKGROUND" />
        <option name="FONT_TYPE" value="0" />
        <option name="EFFECT_COLOR" />
        <option name="EFFECT_TYPE" value="0" />
        <option name="ERROR_STRIPE_COLOR" />
      </value>
    </option>
    <option name="XML_COMMENT">
      <value>
        <option name="FOREGROUND" value="5f5a60" />
        <option name="BACKGROUND" />
        <option name="FONT_TYPE" value="2" />
        <option name="EFFECT_COLOR" />
        <option name="EFFECT_TYPE" value="0" />
        <option name="ERROR_STRIPE_COLOR" />
      </value>
    </option>
    <option name="XML_ENTITY_REFERENCE">
      <value>
        <option name="FOREGROUND" value="ca7840" />
        <option name="BACKGROUND" />
        <option name="FONT_TYPE" value="0" />
        <option name="EFFECT_COLOR" />
        <option name="EFFECT_TYPE" value="0" />
        <option name="ERROR_STRIPE_COLOR" />
      </value>
    </option>
    <option name="XML_TAG">
      <value>
        <option name="FOREGROUND" value="494949" />
        <option name="BACKGROUND" />
        <option name="FONT_TYPE" value="0" />
        <option name="EFFECT_COLOR" />
        <option name="EFFECT_TYPE" value="0" />
        <option name="ERROR_STRIPE_COLOR" />
      </value>
    </option>
    <option name="XML_TAG_NAME">
      <value>
        <option name="FOREGROUND" value="e0c589" />
        <option name="BACKGROUND" />
        <option name="FONT_TYPE" value="0" />
        <option name="EFFECT_COLOR" />
        <option name="EFFECT_TYPE" value="0" />
        <option name="ERROR_STRIPE_COLOR" />
      </value>
    </option>
    <option name="YAML_SCALAR_DSTRING">
      <value>
        <option name="FOREGROUND" value="68e868" />
        <option name="BACKGROUND" />
        <option name="FONT_TYPE" value="1" />
        <option name="EFFECT_COLOR" />
        <option name="EFFECT_TYPE" value="0" />
        <option name="ERROR_STRIPE_COLOR" />
      </value>
    </option>
    <option name="YAML_SCALAR_KEY">
      <value>
        <option name="FOREGROUND" value="cda869" />
        <option name="BACKGROUND" />
        <option name="FONT_TYPE" value="0" />
        <option name="EFFECT_COLOR" />
        <option name="EFFECT_TYPE" value="0" />
        <option name="ERROR_STRIPE_COLOR" />
      </value>
    </option>
    <option name="YAML_SCALAR_LIST">
      <value>
        <option name="FOREGROUND" />
        <option name="BACKGROUND" value="344350" />
        <option name="FONT_TYPE" value="0" />
        <option name="EFFECT_COLOR" />
        <option name="EFFECT_TYPE" value="0" />
        <option name="ERROR_STRIPE_COLOR" />
      </value>
    </option>
    <option name="YAML_SCALAR_STRING">
      <value>
        <option name="FOREGROUND" value="4ccccc" />
        <option name="BACKGROUND" />
        <option name="FONT_TYPE" value="1" />
        <option name="EFFECT_COLOR" />
        <option name="EFFECT_TYPE" value="0" />
        <option name="ERROR_STRIPE_COLOR" />
      </value>
    </option>
    <option name="YAML_SIGN">
      <value>
        <option name="FOREGROUND" value="afc4db" />
        <option name="BACKGROUND" />
        <option name="FONT_TYPE" value="0" />
        <option name="EFFECT_COLOR" />
        <option name="EFFECT_TYPE" value="0" />
        <option name="ERROR_STRIPE_COLOR" />
      </value>
    </option>
  </attributes>
</scheme>

